,disasterNumber,fyDeclared,incidentType,ihProgramDeclared,iaProgramDeclared,paProgramDeclared,hmProgramDeclared,fipsCountyCode,declaration_date,incident_begin,incident_end,disasterlength,declarationtime,date,precipitation
0,1344,2001,Severe Storm(s),0,0,1,1,13,11233,11221,11234,13,12,11221.0,231.74046500000003
1,1344,2001,Severe Storm(s),0,0,1,1,5,11233,11221,11234,13,12,11221.0,467.42229899999995
2,1344,2001,Severe Storm(s),0,0,1,1,73,11233,11221,11234,13,12,11221.0,191.36270010000004
3,1344,2001,Severe Storm(s),0,0,1,1,33,11233,11221,11234,13,12,11221.0,452.59044399999993
4,1344,2001,Severe Storm(s),0,0,1,1,37,11233,11221,11234,13,12,11221.0,615.4143630000001
5,1344,2001,Severe Storm(s),0,0,1,1,129,11233,11221,11234,13,12,11221.0,452.272387
6,1345,2001,Severe Storm(s),0,1,0,1,87,11234,11234,11241,7,0,11234.0,428.28701596
7,1345,2001,Severe Storm(s),0,1,0,1,21,11234,11234,11241,7,0,11234.0,1020.5810683
8,1344,2001,Severe Storm(s),0,0,1,1,65,11233,11221,11234,13,12,11221.0,138.13560569999999
9,1345,2001,Severe Storm(s),0,1,1,1,86,11234,11234,11241,7,0,11234.0,3971.0575000000003
10,1345,2001,Severe Storm(s),0,1,1,1,11,11234,11234,11241,7,0,11234.0,2321.657233
11,1393,2001,Coastal Storm,0,0,1,1,81,11593,11578,11586,8,15,11578.0,353.84485
12,1393,2001,Coastal Storm,0,0,1,0,55,11593,11578,11586,8,15,11578.0,496.066927
13,1381,2001,Severe Storm(s),0,1,1,1,129,11490,11484,11488,4,6,11484.0,1180.6909429999998
14,1381,2001,Severe Storm(s),0,0,1,1,59,11490,11484,11488,4,6,11484.0,774.156797
15,1344,2001,Severe Storm(s),0,0,1,1,91,11233,11221,11234,13,12,11221.0,861.8838359999999
16,1344,2001,Severe Storm(s),0,0,1,1,45,11233,11221,11234,13,12,11221.0,633.310743
17,1381,2001,Severe Storm(s),0,1,1,1,65,11490,11484,11488,4,6,11484.0,799.505324
18,1393,2001,Coastal Storm,0,0,1,0,21,11593,11578,11586,8,15,11578.0,1766.5341985000002
19,1393,2001,Coastal Storm,0,0,1,1,35,11593,11578,11586,8,15,11578.0,266.92130299999997
20,1393,2001,Coastal Storm,0,0,1,1,49,11593,11578,11586,8,15,11578.0,326.5254050000001
21,1393,2001,Coastal Storm,0,0,1,1,27,11593,11578,11586,8,15,11578.0,389.841657
22,1381,2001,Severe Storm(s),0,1,1,1,73,11490,11484,11488,4,6,11484.0,1010.4324750000001
23,1381,2001,Severe Storm(s),0,0,1,1,13,11490,11484,11488,4,6,11484.0,1315.0273789999999
24,1393,2001,Coastal Storm,0,0,1,1,15,11593,11578,11586,8,15,11578.0,384.555984
25,1393,2001,Coastal Storm,0,0,1,1,109,11593,11578,11586,8,15,11578.0,469.57682
26,1381,2001,Severe Storm(s),0,1,1,0,39,11490,11484,11488,4,6,11484.0,567.959879
27,1393,2001,Coastal Storm,0,0,1,1,115,11593,11578,11586,8,15,11578.0,267.384162
28,1393,2001,Coastal Storm,0,0,1,0,71,11593,11578,11586,8,15,11578.0,878.7896450000001
29,1381,2001,Severe Storm(s),0,1,1,1,77,11490,11484,11488,4,6,11484.0,1435.443515
30,1381,2001,Severe Storm(s),0,0,1,1,5,11490,11484,11488,4,6,11484.0,1147.866413
31,1381,2001,Severe Storm(s),0,0,1,0,133,11490,11484,11488,4,6,11484.0,1162.9884960000002
32,1393,2001,Coastal Storm,0,0,1,0,107,11593,11578,11586,8,15,11578.0,428.9509945
33,1460,2003,Severe Storm(s),1,1,0,1,86,12167,12138,12139,1,29,12138.0,3455.779887
34,1481,2003,Severe Storm(s),0,0,1,1,15,12262,12216,12286,70,46,12216.0,110.4444358
35,1481,2003,Severe Storm(s),0,0,1,1,75,12262,12216,12286,70,46,12216.0,51.13212712000001
36,1481,2003,Severe Storm(s),0,0,1,1,115,12262,12216,12286,70,46,12216.0,79.56909599999999
37,1481,2003,Severe Storm(s),0,0,1,1,27,12262,12216,12286,70,46,12216.0,53.99529251
38,1481,2003,Severe Storm(s),0,0,1,0,101,12262,12216,12286,70,46,12216.0,85.299574223
39,1481,2003,Severe Storm(s),0,0,1,0,53,12262,12216,12286,70,46,12216.0,39.241837462
40,1481,2003,Severe Storm(s),0,0,1,1,81,12262,12216,12286,70,46,12216.0,90.61739417000001
41,1481,2003,Severe Storm(s),0,0,1,1,49,12262,12216,12286,70,46,12216.0,34.35264227
42,1481,2003,Severe Storm(s),0,0,1,0,123,12262,12216,12286,70,46,12216.0,51.91818785
43,1481,2003,Severe Storm(s),0,0,1,0,29,12262,12216,12286,70,46,12216.0,77.50917711000001
44,1481,2003,Severe Storm(s),0,0,1,1,17,12262,12216,12286,70,46,12216.0,3.578300515
45,1539,2004,Hurricane,0,0,1,1,131,12643,12641,12660,19,2,12641.0,1003.5610632
46,1539,2004,Hurricane,0,0,1,1,1,12643,12641,12660,19,2,12641.0,30.042753689999994
47,1539,2004,Hurricane,0,0,1,1,19,12643,12641,12660,19,2,12641.0,29.581794100000003
48,1539,2004,Hurricane,1,1,1,1,93,12643,12641,12660,19,2,12641.0,32.04221956
49,1539,2004,Hurricane,0,0,1,1,121,12643,12641,12660,19,2,12641.0,312.468773
50,1539,2004,Hurricane,0,0,1,1,13,12643,12641,12660,19,2,12641.0,701.0854710000001
51,1539,2004,Hurricane,0,0,1,1,47,12643,12641,12660,19,2,12641.0,399.652432
52,1539,2004,Hurricane,0,0,1,1,17,12643,12641,12660,19,2,12641.0,10.243941829999999
53,1539,2004,Hurricane,0,0,1,1,5,12643,12641,12660,19,2,12641.0,1655.174501
54,1539,2004,Hurricane,0,0,1,1,79,12643,12641,12660,19,2,12641.0,405.012097
55,1539,2004,Hurricane,0,0,1,1,91,12643,12641,12660,19,2,12641.0,761.6838723000002
56,1539,2004,Hurricane,0,0,1,1,39,12643,12641,12660,19,2,12641.0,150.027532
57,1539,2004,Hurricane,0,0,1,1,85,12643,12641,12660,19,2,12641.0,80.5483681
58,1539,2004,Hurricane,0,0,1,1,65,12643,12641,12660,19,2,12641.0,355.9899480000001
59,1539,2004,Hurricane,0,0,1,1,41,12643,12641,12660,19,2,12641.0,31.8972785
60,1539,2004,Hurricane,0,0,1,1,57,12643,12641,12660,19,2,12641.0,39.28965604
61,1539,2004,Hurricane,1,1,1,1,87,12643,12641,12660,19,2,12641.0,121.74162091500001
62,1539,2004,Hurricane,1,1,1,1,35,12643,12641,12660,19,2,12641.0,83.0990769
63,1539,2004,Hurricane,1,1,1,1,81,12643,12641,12660,19,2,12641.0,11.882835303999999
64,1539,2004,Hurricane,0,0,1,1,11,12643,12641,12660,19,2,12641.0,189.82505625000002
65,1539,2004,Hurricane,0,0,1,1,67,12643,12641,12660,19,2,12641.0,427.91082199999994
66,1539,2004,Hurricane,0,0,1,1,125,12643,12641,12660,19,2,12641.0,25.3075885
67,1539,2004,Hurricane,0,0,1,1,111,12643,12641,12660,19,2,12641.0,7.962148730000002
68,1539,2004,Hurricane,0,0,1,1,59,12643,12641,12660,19,2,12641.0,79.5680509
69,1539,2004,Hurricane,0,0,1,1,113,12643,12641,12660,19,2,12641.0,409.7507773
70,1545,2004,Hurricane,0,0,1,1,77,12665,12664,12699,35,1,12664.0,117.2846041
71,1539,2004,Hurricane,1,1,1,1,97,12643,12641,12660,19,2,12641.0,49.06758050799999
72,1539,2004,Hurricane,1,1,1,1,101,12643,12641,12660,19,2,12641.0,22.82529758
73,1545,2004,Hurricane,0,0,1,1,133,12665,12664,12699,35,1,12664.0,2.009847882397
74,1545,2004,Hurricane,0,0,1,1,21,12665,12664,12699,35,1,12664.0,100.06020189000002
75,1539,2004,Hurricane,1,1,1,1,117,12643,12641,12660,19,2,12641.0,7.174662100000001
76,1539,2004,Hurricane,1,1,1,1,95,12643,12641,12660,19,2,12641.0,72.15034809000002
77,1539,2004,Hurricane,0,0,1,1,129,12643,12641,12660,19,2,12641.0,226.71505299999998
78,1539,2004,Hurricane,0,0,1,1,123,12643,12641,12660,19,2,12641.0,675.0675060000002
79,1539,2004,Hurricane,1,1,1,1,9,12643,12641,12660,19,2,12641.0,131.441895642
80,1539,2004,Hurricane,0,0,1,1,73,12643,12641,12660,19,2,12641.0,220.8737627
81,1539,2004,Hurricane,1,1,1,1,15,12643,12641,12660,19,2,12641.0,45.010907173999996
82,1539,2004,Hurricane,1,1,1,1,109,12643,12641,12660,19,2,12641.0,48.45932730000001
83,1539,2004,Hurricane,0,0,1,1,99,12643,12641,12660,19,2,12641.0,1374.6247150299998
84,1539,2004,Hurricane,1,1,1,1,29,12643,12641,12660,19,2,12641.0,95.7642223
85,1539,2004,Hurricane,1,1,1,1,21,12643,12641,12660,19,2,12641.0,697.91106406
86,1539,2004,Hurricane,1,1,1,1,31,12643,12641,12660,19,2,12641.0,89.36424106000001
87,1539,2004,Hurricane,1,1,1,1,27,12643,12641,12660,19,2,12641.0,71.883650793
88,1539,2004,Hurricane,1,1,1,1,43,12643,12641,12660,19,2,12641.0,208.56872366100006
89,1539,2004,Hurricane,1,1,1,1,49,12643,12641,12660,19,2,12641.0,87.56614369999998
90,1539,2004,Hurricane,1,1,1,1,115,12643,12641,12660,19,2,12641.0,2.751237733
91,1539,2004,Hurricane,1,1,1,1,51,12643,12641,12660,19,2,12641.0,589.9649020000002
92,1539,2004,Hurricane,0,0,1,1,23,12643,12641,12660,19,2,12641.0,386.7481692
93,1539,2004,Hurricane,1,1,1,1,61,12643,12641,12660,19,2,12641.0,0.9795308790000001
94,1539,2004,Hurricane,0,0,1,1,63,12643,12641,12660,19,2,12641.0,217.08813159999997
95,1539,2004,Hurricane,1,1,1,1,71,12643,12641,12660,19,2,12641.0,47.83638205
96,1539,2004,Hurricane,0,0,1,1,83,12643,12641,12660,19,2,12641.0,199.01657085399998
97,1539,2004,Hurricane,1,1,1,1,127,12643,12641,12660,19,2,12641.0,185.8449089
98,1539,2004,Hurricane,1,1,1,1,75,12643,12641,12660,19,2,12641.0,68.81533243
99,1539,2004,Hurricane,1,1,1,1,55,12643,12641,12660,19,2,12641.0,138.06399811600002
100,1539,2004,Hurricane,0,0,1,1,107,12643,12641,12660,19,2,12641.0,81.12310980000001
101,1539,2004,Hurricane,0,0,1,1,33,12643,12641,12660,19,2,12641.0,368.89838199999997
102,1539,2004,Hurricane,0,0,1,1,133,12643,12641,12660,19,2,12641.0,513.0147814999999
103,1539,2004,Hurricane,0,0,1,1,86,12643,12641,12660,19,2,12641.0,228.65208909399993
104,1539,2004,Hurricane,0,0,1,1,119,12643,12641,12660,19,2,12641.0,25.451939939999995
105,1539,2004,Hurricane,0,0,1,1,89,12643,12641,12660,19,2,12641.0,188.57229230000004
106,1539,2004,Hurricane,0,0,1,1,53,12643,12641,12660,19,2,12641.0,7.182150817000001
107,1539,2004,Hurricane,0,0,1,1,37,12643,12641,12660,19,2,12641.0,431.52640199999996
108,1539,2004,Hurricane,1,1,1,1,105,12643,12641,12660,19,2,12641.0,338.49961149999996
109,1539,2004,Hurricane,0,0,1,1,77,12643,12641,12660,19,2,12641.0,610.142437
110,1539,2004,Hurricane,0,0,1,1,7,12643,12641,12660,19,2,12641.0,16.267579060000003
111,1539,2004,Hurricane,1,1,1,1,69,12643,12641,12660,19,2,12641.0,386.27179650000005
112,1539,2004,Hurricane,0,0,1,1,3,12643,12641,12660,19,2,12641.0,362.42704690000005
113,1539,2004,Hurricane,0,0,1,1,103,12643,12641,12660,19,2,12641.0,1.5337043169999998
114,1539,2004,Hurricane,0,0,1,1,45,12643,12641,12660,19,2,12641.0,859.534865
115,1545,2004,Hurricane,1,1,1,1,89,12665,12664,12699,35,1,12664.0,38.69632437
116,1545,2004,Hurricane,1,1,1,1,86,12665,12664,12699,35,1,12664.0,130.42527762
117,1545,2004,Hurricane,1,1,1,1,111,12665,12664,12699,35,1,12664.0,16.681066073
118,1545,2004,Hurricane,1,1,1,1,51,12665,12664,12699,35,1,12664.0,16.291041373
119,1545,2004,Hurricane,1,1,1,1,7,12665,12664,12699,35,1,12664.0,27.9856794
120,1545,2004,Hurricane,1,1,1,1,107,12665,12664,12699,35,1,12664.0,17.624934606999997
121,1545,2004,Hurricane,1,1,1,1,75,12665,12664,12699,35,1,12664.0,82.989539645
122,1545,2004,Hurricane,1,1,1,1,17,12665,12664,12699,35,1,12664.0,0.0012983396716838998
123,1545,2004,Hurricane,1,1,1,1,27,12665,12664,12699,35,1,12664.0,0.4687446408091636
124,1545,2004,Hurricane,1,1,1,1,41,12665,12664,12699,35,1,12664.0,0.9111934
125,1545,2004,Hurricane,1,1,1,1,55,12665,12664,12699,35,1,12664.0,1.9959268537357149
126,1545,2004,Hurricane,1,1,1,1,57,12665,12664,12699,35,1,12664.0,1.221576555
127,1545,2004,Hurricane,1,1,1,1,117,12665,12664,12699,35,1,12664.0,0.39484041499999994
128,1545,2004,Hurricane,1,1,1,1,109,12665,12664,12699,35,1,12664.0,18.436639558
129,1545,2004,Hurricane,1,1,1,1,11,12665,12664,12699,35,1,12664.0,59.92828243999998
130,1545,2004,Hurricane,1,1,1,1,61,12665,12664,12699,35,1,12664.0,2.650167907
131,1545,2004,Hurricane,1,1,1,1,53,12665,12664,12699,35,1,12664.0,0.297203198
132,1545,2004,Hurricane,1,1,1,1,103,12665,12664,12699,35,1,12664.0,1.7030486199999997
133,1545,2004,Hurricane,1,1,1,1,9,12665,12664,12699,35,1,12664.0,5.545423322
134,1545,2004,Hurricane,1,1,1,1,95,12665,12664,12699,35,1,12664.0,11.39647471537976
135,1545,2004,Hurricane,1,1,1,1,15,12665,12664,12699,35,1,12664.0,0.60369233
136,1545,2004,Hurricane,1,1,1,1,19,12665,12664,12699,35,1,12664.0,51.468065640000006
137,1545,2004,Hurricane,1,1,1,1,3,12665,12664,12699,35,1,12664.0,50.567429489999995
138,1545,2004,Hurricane,1,1,1,1,31,12665,12664,12699,35,1,12664.0,123.59638510000002
139,1545,2004,Hurricane,0,0,1,1,13,12665,12664,12699,35,1,12664.0,28.047004080000004
140,1545,2004,Hurricane,1,1,1,1,29,12665,12664,12699,35,1,12664.0,1.706487774
141,1545,2004,Hurricane,0,0,1,1,33,12665,12664,12699,35,1,12664.0,85.69497759000001
142,1545,2004,Hurricane,0,0,1,1,39,12665,12664,12699,35,1,12664.0,16.76287475
143,1545,2004,Hurricane,1,1,1,1,43,12665,12664,12699,35,1,12664.0,1.398538992
144,1545,2004,Hurricane,0,0,1,1,91,12665,12664,12699,35,1,12664.0,5.822279459
145,1545,2004,Hurricane,0,0,1,1,37,12665,12664,12699,35,1,12664.0,9.66806771
146,1545,2004,Hurricane,0,0,1,1,65,12665,12664,12699,35,1,12664.0,3.482357029
147,1545,2004,Hurricane,0,0,1,1,59,12665,12664,12699,35,1,12664.0,0.026332092705599996
148,1545,2004,Hurricane,0,0,1,1,63,12665,12664,12699,35,1,12664.0,4.040092094
149,1545,2004,Hurricane,0,0,1,1,67,12665,12664,12699,35,1,12664.0,1.8228297492670298
150,1545,2004,Hurricane,1,1,1,1,1,12665,12664,12699,35,1,12664.0,38.299158739999996
151,1545,2004,Hurricane,0,0,1,1,73,12665,12664,12699,35,1,12664.0,25.844252889999996
152,1545,2004,Hurricane,0,0,1,1,79,12665,12664,12699,35,1,12664.0,0.994385881
153,1545,2004,Hurricane,1,1,1,1,35,12665,12664,12699,35,1,12664.0,19.510264223
154,1545,2004,Hurricane,0,0,1,1,45,12665,12664,12699,35,1,12664.0,24.228282480000004
155,1545,2004,Hurricane,0,0,1,1,113,12665,12664,12699,35,1,12664.0,28.261038548999988
156,1545,2004,Hurricane,0,0,1,1,123,12665,12664,12699,35,1,12664.0,21.81712944
157,1545,2004,Hurricane,0,0,1,1,129,12665,12664,12699,35,1,12664.0,34.599433069999996
158,1545,2004,Hurricane,0,0,1,1,131,12665,12664,12699,35,1,12664.0,4.226116156999999
159,1545,2004,Hurricane,0,0,1,1,87,12665,12664,12699,35,1,12664.0,154.1539918
160,1545,2004,Hurricane,0,0,1,1,47,12665,12664,12699,35,1,12664.0,1.6581431989999997
161,1545,2004,Hurricane,0,0,1,1,5,12665,12664,12699,35,1,12664.0,13.406606930000002
162,1545,2004,Hurricane,1,1,1,1,23,12665,12664,12699,35,1,12664.0,8.390094916
163,1545,2004,Hurricane,1,1,1,1,125,12665,12664,12699,35,1,12664.0,12.6440651
164,1545,2004,Hurricane,1,1,1,1,93,12665,12664,12699,35,1,12664.0,1.334284898582319
165,1545,2004,Hurricane,1,1,1,1,49,12665,12664,12699,35,1,12664.0,2.059497586
166,1545,2004,Hurricane,1,1,1,1,105,12665,12664,12699,35,1,12664.0,6.597837767248022
167,1545,2004,Hurricane,1,1,1,1,85,12665,12664,12699,35,1,12664.0,63.3016924
168,1545,2004,Hurricane,1,1,1,1,121,12665,12664,12699,35,1,12664.0,3.5323357779999993
169,1545,2004,Hurricane,1,1,1,1,127,12665,12664,12699,35,1,12664.0,24.448028281000006
170,1545,2004,Hurricane,1,1,1,1,119,12665,12664,12699,35,1,12664.0,0.05709229347230001
171,1545,2004,Hurricane,1,1,1,1,69,12665,12664,12699,35,1,12664.0,3.546586527
172,1545,2004,Hurricane,1,1,1,1,81,12665,12664,12699,35,1,12664.0,0.810552587
173,1545,2004,Hurricane,1,1,1,1,83,12665,12664,12699,35,1,12664.0,14.665694283355238
174,1545,2004,Hurricane,1,1,1,1,99,12665,12664,12699,35,1,12664.0,239.93214853999996
175,1545,2004,Hurricane,1,1,1,1,115,12665,12664,12699,35,1,12664.0,1.032135638
176,1545,2004,Hurricane,1,1,1,1,97,12665,12664,12699,35,1,12664.0,4.210617566083879
177,1545,2004,Hurricane,1,1,1,1,101,12665,12664,12699,35,1,12664.0,0.25113070139072724
178,1545,2004,Hurricane,1,1,1,1,71,12665,12664,12699,35,1,12664.0,1.232296374638
179,1551,2004,Hurricane,1,1,0,1,9,12677,12674,12739,65,3,12674.0,53.48359645000001
180,1551,2004,Hurricane,0,0,1,1,65,12677,12674,12739,65,3,12674.0,240.33494899999997
181,1551,2004,Hurricane,1,1,0,1,109,12677,12674,12739,65,3,12674.0,172.97211579999998
182,1551,2004,Hurricane,1,1,0,1,93,12677,12674,12739,65,3,12674.0,10.85690371
183,1551,2004,Hurricane,1,1,1,1,37,12677,12674,12739,65,3,12674.0,330.11628800000005
184,1551,2004,Hurricane,1,1,0,1,101,12677,12674,12739,65,3,12674.0,100.34918019999999
185,1551,2004,Hurricane,1,1,1,1,59,12677,12674,12739,65,3,12674.0,43.2181706
186,1551,2004,Hurricane,1,1,0,1,117,12677,12674,12739,65,3,12674.0,28.46772777
187,1551,2004,Hurricane,1,1,1,1,77,12677,12674,12739,65,3,12674.0,506.50557549999996
188,1551,2004,Hurricane,1,1,1,1,133,12677,12674,12739,65,3,12674.0,147.4824464
189,1551,2004,Hurricane,1,1,0,1,99,12677,12674,12739,65,3,12674.0,63.48783077999997
190,1551,2004,Hurricane,1,1,1,1,63,12677,12674,12739,65,3,12674.0,340.293131
191,1551,2004,Hurricane,1,1,0,1,97,12677,12674,12739,65,3,12674.0,33.483236260000005
192,1551,2004,Hurricane,1,1,0,1,83,12677,12674,12739,65,3,12674.0,672.3206910999999
193,1551,2004,Hurricane,1,1,0,1,85,12677,12674,12739,65,3,12674.0,5.05219158
194,1551,2004,Hurricane,1,1,1,1,73,12677,12674,12739,65,3,12674.0,336.869689
195,1551,2004,Hurricane,1,1,0,1,35,12677,12674,12739,65,3,12674.0,63.639097899999996
196,1551,2004,Hurricane,1,1,0,1,81,12677,12674,12739,65,3,12674.0,47.07649889999999
197,1551,2004,Hurricane,1,1,0,1,95,12677,12674,12739,65,3,12674.0,139.74565909
198,1551,2004,Hurricane,1,1,0,1,127,12677,12674,12739,65,3,12674.0,106.68052620000002
199,1551,2004,Hurricane,1,1,1,1,17,12677,12674,12739,65,3,12674.0,69.27979056000001
200,1551,2004,Hurricane,1,1,1,1,5,12677,12674,12739,65,3,12674.0,445.60212469999993
201,1551,2004,Hurricane,1,1,0,1,69,12677,12674,12739,65,3,12674.0,189.45036249999998
202,1551,2004,Hurricane,1,1,0,1,55,12677,12674,12739,65,3,12674.0,27.50861547
203,1551,2004,Hurricane,1,1,0,1,31,12677,12674,12739,65,3,12674.0,190.0113604
204,1551,2004,Hurricane,1,1,0,1,19,12677,12674,12739,65,3,12674.0,240.3282861
205,1551,2004,Hurricane,0,0,1,1,29,12677,12674,12739,65,3,12674.0,294.02427
206,1551,2004,Hurricane,0,0,1,1,75,12677,12674,12739,65,3,12674.0,524.8758545
207,1551,2004,Hurricane,0,0,1,1,87,12677,12674,12739,65,3,12674.0,597.6875818999998
208,1551,2004,Hurricane,0,0,1,1,21,12677,12674,12739,65,3,12674.0,185.50680550000007
209,1551,2004,Hurricane,0,0,1,1,15,12677,12674,12739,65,3,12674.0,17.58465684
210,1551,2004,Hurricane,1,1,0,1,61,12677,12674,12739,65,3,12674.0,13.172976969999999
211,1551,2004,Hurricane,0,0,1,1,115,12677,12674,12739,65,3,12674.0,27.554527799999992
212,1551,2004,Hurricane,1,1,1,1,113,12677,12674,12739,65,3,12674.0,218.11108947
213,1551,2004,Hurricane,1,1,1,1,33,12677,12674,12739,65,3,12674.0,197.9291206
214,1551,2004,Hurricane,1,1,1,1,123,12677,12674,12739,65,3,12674.0,245.7465191
215,1551,2004,Hurricane,1,1,0,1,105,12677,12674,12739,65,3,12674.0,65.85619021
216,1551,2004,Hurricane,1,1,0,1,111,12677,12674,12739,65,3,12674.0,23.037204725
217,1551,2004,Hurricane,1,1,1,1,131,12677,12674,12739,65,3,12674.0,125.63262959
218,1551,2004,Hurricane,1,1,1,1,129,12677,12674,12739,65,3,12674.0,309.70326900000003
219,1551,2004,Hurricane,1,1,1,1,91,12677,12674,12739,65,3,12674.0,28.237209815999996
220,1551,2004,Hurricane,1,1,1,1,71,12677,12674,12739,65,3,12674.0,67.54522030000001
221,1551,2004,Hurricane,1,1,1,1,45,12677,12674,12739,65,3,12674.0,527.276633
222,1551,2004,Hurricane,1,1,1,1,39,12677,12674,12739,65,3,12674.0,173.36250899999996
223,1551,2004,Hurricane,1,1,1,1,13,12677,12674,12739,65,3,12674.0,405.32662099999993
224,1561,2004,Hurricane,1,1,1,1,31,12687,12685,12739,54,2,12685.0,0.9225310879999999
225,1561,2004,Hurricane,1,1,1,1,67,12687,12685,12739,54,2,12685.0,0.0
226,1561,2004,Hurricane,1,1,1,1,19,12687,12685,12739,54,2,12685.0,0.014201914999999999
227,1561,2004,Hurricane,0,0,1,1,129,12687,12685,12739,54,2,12685.0,0.0
228,1561,2004,Hurricane,1,1,1,1,51,12687,12685,12739,54,2,12685.0,0.266129221
229,1561,2004,Hurricane,1,1,1,1,43,12687,12685,12739,54,2,12685.0,0.004282432
230,1561,2004,Hurricane,1,1,1,1,47,12687,12685,12739,54,2,12685.0,0.0
231,1561,2004,Hurricane,1,1,1,1,7,12687,12685,12739,54,2,12685.0,0.014142948
232,1561,2004,Hurricane,1,1,1,1,75,12687,12685,12739,54,2,12685.0,0.5839596370000001
233,1561,2004,Hurricane,0,0,1,1,86,12687,12685,12739,54,2,12685.0,23.209952542000003
234,1561,2004,Hurricane,1,1,1,1,9,12687,12685,12739,54,2,12685.0,0.7037445470000001
235,1561,2004,Hurricane,1,1,1,1,41,12687,12685,12739,54,2,12685.0,0.017521663000000003
236,1561,2004,Hurricane,1,1,1,1,95,12687,12685,12739,54,2,12685.0,0.133909593
237,1561,2004,Hurricane,1,1,1,1,29,12687,12685,12739,54,2,12685.0,0.135644801
238,1561,2004,Hurricane,1,1,1,1,49,12687,12685,12739,54,2,12685.0,0.0
239,1561,2004,Hurricane,1,1,1,1,23,12687,12685,12739,54,2,12685.0,0.202945606
240,1561,2004,Hurricane,1,1,1,1,61,12687,12685,12739,54,2,12685.0,0.07761308900000001
241,1561,2004,Hurricane,1,1,1,1,69,12687,12685,12739,54,2,12685.0,0.057656313
242,1561,2004,Hurricane,1,1,1,1,53,12687,12685,12739,54,2,12685.0,0.0
243,1561,2004,Hurricane,1,1,1,1,97,12687,12685,12739,54,2,12685.0,1.2108363109999998
244,1561,2004,Hurricane,1,1,1,1,55,12687,12685,12739,54,2,12685.0,0.030920316
245,1561,2004,Hurricane,1,1,1,1,3,12687,12685,12739,54,2,12685.0,0.0007570790700000001
246,1561,2004,Hurricane,1,1,1,1,27,12687,12685,12739,54,2,12685.0,0.0011926489999999998
247,1561,2004,Hurricane,1,1,1,1,111,12687,12685,12739,54,2,12685.0,0.0018172460000000002
248,1561,2004,Hurricane,1,1,1,1,127,12687,12685,12739,54,2,12685.0,0.055586553000000004
249,1561,2004,Hurricane,1,1,1,1,123,12687,12685,12739,54,2,12685.0,0.20608052999999998
250,1561,2004,Hurricane,1,1,1,1,109,12687,12685,12739,54,2,12685.0,0.674894611
251,1561,2004,Hurricane,1,1,1,1,121,12687,12685,12739,54,2,12685.0,0.0
252,1561,2004,Hurricane,1,1,1,1,115,12687,12685,12739,54,2,12685.0,0.0
253,1561,2004,Hurricane,1,1,1,1,101,12687,12685,12739,54,2,12685.0,0.0
254,1561,2004,Hurricane,1,1,1,1,85,12687,12685,12739,54,2,12685.0,0.08397898599999999
255,1561,2004,Hurricane,1,1,1,1,107,12687,12685,12739,54,2,12685.0,0.12903607
256,1561,2004,Hurricane,1,1,1,1,83,12687,12685,12739,54,2,12685.0,0.09664397499999998
257,1561,2004,Hurricane,1,1,1,1,93,12687,12685,12739,54,2,12685.0,0.038914804
258,1561,2004,Hurricane,0,0,1,1,71,12687,12685,12739,54,2,12685.0,0.000417354
259,1561,2004,Hurricane,1,1,1,1,125,12687,12685,12739,54,2,12685.0,0.0
260,1561,2004,Hurricane,1,1,1,1,99,12687,12685,12739,54,2,12685.0,8.309351176
261,1561,2004,Hurricane,1,1,1,1,15,12687,12685,12739,54,2,12685.0,0.002404695
262,1561,2004,Hurricane,0,0,1,1,21,12687,12685,12739,54,2,12685.0,9.143187259000001
263,1561,2004,Hurricane,1,1,1,1,57,12687,12685,12739,54,2,12685.0,0.04767029800000001
264,1561,2004,Hurricane,1,1,1,1,89,12687,12685,12739,54,2,12685.0,0.568452724
265,1561,2004,Hurricane,1,1,1,1,81,12687,12685,12739,54,2,12685.0,0.0
266,1561,2004,Hurricane,1,1,1,1,103,12687,12685,12739,54,2,12685.0,0.063967656
267,1561,2004,Hurricane,0,0,1,1,73,12687,12685,12739,54,2,12685.0,0.0
268,1561,2004,Hurricane,1,1,1,1,35,12687,12685,12739,54,2,12685.0,0.13463524500000001
269,1561,2004,Hurricane,1,1,1,1,119,12687,12685,12739,54,2,12685.0,0.012775827
270,1561,2004,Hurricane,1,1,1,1,17,12687,12685,12739,54,2,12685.0,0.029890215
271,1561,2004,Hurricane,1,1,1,1,105,12687,12685,12739,54,2,12685.0,0.15458173700000002
272,1561,2004,Hurricane,1,1,1,1,117,12687,12685,12739,54,2,12685.0,0.013145212
273,1561,2004,Hurricane,0,0,1,1,11,12687,12685,12739,54,2,12685.0,21.032921551999994
274,1561,2004,Hurricane,1,1,1,1,79,12687,12685,12739,54,2,12685.0,0.0
275,1561,2004,Hurricane,1,1,1,1,65,12687,12685,12739,54,2,12685.0,0.0
276,1561,2004,Hurricane,1,1,1,1,1,12687,12685,12739,54,2,12685.0,0.051185971
277,1602,2005,Hurricane,0,0,1,1,45,13023,13019,13032,13,4,13019.0,229.63600820000008
278,1602,2005,Hurricane,0,0,1,1,33,13023,13019,13032,13,4,13019.0,345.015521925
279,1602,2005,Hurricane,0,0,1,1,11,13023,13019,13032,13,4,13019.0,30.819959599999997
280,1595,2005,Hurricane,0,0,1,1,65,12974,12971,12984,13,3,12971.0,20.362764534999997
281,1595,2005,Hurricane,0,0,1,1,73,12974,12971,12984,13,3,12971.0,6.825435994000001
282,1595,2005,Hurricane,1,1,1,1,113,12974,12971,12984,13,3,12971.0,0.711383917
283,1595,2005,Hurricane,0,0,1,1,39,12974,12971,12984,13,3,12971.0,3.0018136159999997
284,1595,2005,Hurricane,0,0,1,1,63,12974,12971,12984,13,3,12971.0,0.66999998
285,1595,2005,Hurricane,0,0,1,1,59,12974,12971,12984,13,3,12971.0,0.005
286,1595,2005,Hurricane,0,0,1,1,77,12974,12971,12984,13,3,12971.0,3.847756102
287,1595,2005,Hurricane,0,0,1,1,75,12974,12971,12984,13,3,12971.0,0.0
288,1595,2005,Hurricane,0,0,1,1,87,12974,12971,12984,13,3,12971.0,4.547606135
289,1595,2005,Hurricane,0,0,1,1,133,12974,12971,12984,13,3,12971.0,0.0
290,1595,2005,Hurricane,1,1,1,1,29,12974,12971,12984,13,3,12971.0,0.5814897649999999
291,1595,2005,Hurricane,1,1,1,1,5,12974,12971,12984,13,3,12971.0,0.46923999400000005
292,1595,2005,Hurricane,1,1,1,1,33,12974,12971,12984,13,3,12971.0,0.34009676999999994
293,1595,2005,Hurricane,1,1,1,1,45,12974,12971,12984,13,3,12971.0,0.9376133249999999
294,1595,2005,Hurricane,1,1,1,1,123,12974,12971,12984,13,3,12971.0,12.884815259000002
295,1595,2005,Hurricane,0,0,1,1,13,12974,12971,12984,13,3,12971.0,0.75606803
296,1595,2005,Hurricane,1,1,1,1,131,12974,12971,12984,13,3,12971.0,0.39805586
297,1595,2005,Hurricane,1,1,1,1,129,12974,12971,12984,13,3,12971.0,25.03013992
298,1595,2005,Hurricane,1,1,1,1,91,12974,12971,12984,13,3,12971.0,0.43030393699999997
299,1595,2005,Hurricane,1,1,1,1,37,12974,12971,12984,13,3,12971.0,12.338082371
300,1602,2005,Hurricane,0,0,1,1,21,13023,13019,13032,13,4,13019.0,297.60159883999995
301,1602,2005,Hurricane,0,0,1,1,37,13023,13019,13032,13,4,13019.0,219.0902249
302,1602,2005,Hurricane,0,0,1,1,86,13023,13019,13032,13,4,13019.0,620.9073516400001
303,1602,2005,Hurricane,0,0,1,1,87,13023,13019,13032,13,4,13019.0,281.71270840000005
304,1602,2005,Hurricane,0,0,1,1,91,13023,13019,13032,13,4,13019.0,116.962929769
305,1602,2005,Hurricane,0,0,1,1,113,13023,13019,13032,13,4,13019.0,79.10715948599997
306,1602,2005,Hurricane,0,0,1,1,5,13023,13019,13032,13,4,13019.0,73.25673201999999
307,1602,2005,Hurricane,0,0,1,1,131,13023,13019,13032,13,4,13019.0,210.25695387000005
308,1609,2006,Hurricane,0,0,1,1,97,13080,13079,13105,26,1,13079.0,1452.0471370000002
309,1609,2006,Hurricane,0,0,1,1,115,13080,13079,13105,26,1,13079.0,497.35724600000003
310,1609,2006,Hurricane,1,1,1,1,11,13080,13079,13105,26,1,13079.0,57.740965380000006
311,1609,2006,Hurricane,1,1,1,1,87,13080,13079,13105,26,1,13079.0,67.48748629999999
312,1609,2006,Hurricane,1,1,1,1,93,13080,13079,13105,26,1,13079.0,417.2668028000001
313,1609,2006,Hurricane,1,1,1,1,71,13080,13079,13105,26,1,13079.0,251.36494470000002
314,1609,2006,Hurricane,1,1,1,1,99,13080,13079,13105,26,1,13079.0,56.513963219999994
315,1609,2006,Hurricane,0,0,1,1,27,13080,13079,13105,26,1,13079.0,157.4910962
316,1609,2006,Hurricane,1,1,1,1,86,13080,13079,13105,26,1,13079.0,135.79923048000003
317,1609,2006,Hurricane,1,1,1,1,9,13080,13079,13105,26,1,13079.0,1541.2976589999996
318,1609,2006,Hurricane,0,0,1,1,49,13080,13079,13105,26,1,13079.0,174.912764
319,1609,2006,Hurricane,1,1,1,1,21,13080,13079,13105,26,1,13079.0,64.93417828999998
320,1609,2006,Hurricane,1,1,1,1,43,13080,13079,13105,26,1,13079.0,79.86583766000001
321,1609,2006,Hurricane,0,0,1,1,15,13080,13079,13105,26,1,13079.0,143.9854769
322,1609,2006,Hurricane,1,1,1,1,111,13080,13079,13105,26,1,13079.0,64.39105635
323,1609,2006,Hurricane,0,0,1,1,105,13080,13079,13105,26,1,13079.0,1350.9866458999998
324,1609,2006,Hurricane,1,1,1,1,85,13080,13079,13105,26,1,13079.0,21.346818230000004
325,1609,2006,Hurricane,0,0,1,1,55,13080,13079,13105,26,1,13079.0,377.1376541
326,1609,2006,Hurricane,1,1,1,1,61,13080,13079,13105,26,1,13079.0,286.866769
327,1609,2006,Hurricane,1,1,1,1,51,13080,13079,13105,26,1,13079.0,18.768240620000004
328,1679,2007,Severe Storm(s),1,1,1,1,117,13547,13545,13546,1,2,13545.0,19.081536999999997
329,1679,2007,Severe Storm(s),1,1,1,1,69,13547,13545,13546,1,2,13545.0,98.04048637999999
330,1680,2007,Severe Storm(s),1,1,0,1,127,13553,13507,13507,0,46,13507.0,1539.056142
331,1679,2007,Severe Storm(s),1,1,1,1,119,13547,13545,13546,1,2,13545.0,68.32163897
332,1679,2007,Severe Storm(s),1,1,1,1,127,13547,13545,13546,1,2,13545.0,117.19836880000003
333,1785,2008,Severe Storm(s),1,1,1,1,93,14115,14109,14134,25,6,14109.0,500.5555785
334,1785,2008,Severe Storm(s),1,1,1,1,71,14115,14109,14134,25,6,14109.0,514.2273476
335,1785,2008,Severe Storm(s),1,1,1,1,73,14115,14109,14134,25,6,14109.0,41.693566499999996
336,1785,2008,Severe Storm(s),1,1,1,1,83,14115,14109,14134,25,6,14109.0,548.4918377999999
337,1785,2008,Severe Storm(s),1,1,1,1,43,14115,14109,14134,25,6,14109.0,788.449822
338,1785,2008,Severe Storm(s),1,1,1,1,111,14115,14109,14134,25,6,14109.0,610.456658
339,1785,2008,Severe Storm(s),0,0,1,1,109,14115,14109,14134,25,6,14109.0,158.7053755
340,1785,2008,Severe Storm(s),0,0,1,1,125,14115,14109,14134,25,6,14109.0,25.3136888
341,1785,2008,Severe Storm(s),1,1,1,1,3,14115,14109,14134,25,6,14109.0,281.6055415
342,1785,2008,Severe Storm(s),0,0,1,1,55,14115,14109,14134,25,6,14109.0,482.54260249999993
343,1785,2008,Severe Storm(s),0,0,1,1,45,14115,14109,14134,25,6,14109.0,66.08366450000001
344,1785,2008,Severe Storm(s),1,1,1,1,129,14115,14109,14134,25,6,14109.0,39.4897776
345,1785,2008,Severe Storm(s),0,0,1,1,13,14115,14109,14134,25,6,14109.0,133.99714919999997
346,1785,2008,Severe Storm(s),1,1,1,1,19,14115,14109,14134,25,6,14109.0,128.3356787
347,1785,2008,Severe Storm(s),1,1,1,1,7,14115,14109,14134,25,6,14109.0,49.401148899999995
348,1785,2008,Severe Storm(s),1,1,1,1,117,14115,14109,14134,25,6,14109.0,35.9982311
349,1785,2008,Severe Storm(s),1,1,1,1,31,14115,14109,14134,25,6,14109.0,358.9744333
350,1785,2008,Severe Storm(s),1,1,1,1,1,14115,14109,14134,25,6,14109.0,104.55476270000001
351,1785,2008,Severe Storm(s),1,1,1,1,127,14115,14109,14134,25,6,14109.0,562.7422019
352,1785,2008,Severe Storm(s),1,1,0,1,105,14115,14109,14134,25,6,14109.0,378.92832809999993
353,1785,2008,Severe Storm(s),0,0,1,1,49,14115,14109,14134,25,6,14109.0,122.99072880000001
354,1785,2008,Severe Storm(s),1,1,1,1,9,14115,14109,14134,25,6,14109.0,277.67257684000003
355,1785,2008,Severe Storm(s),1,1,1,1,39,14115,14109,14134,25,6,14109.0,56.36577370000001
356,1785,2008,Severe Storm(s),0,0,1,1,107,14115,14109,14134,25,6,14109.0,247.04178940000003
357,1785,2008,Severe Storm(s),1,1,1,1,21,14115,14109,14134,25,6,14109.0,2515.6054
358,1785,2008,Severe Storm(s),0,0,1,1,47,14115,14109,14134,25,6,14109.0,50.4739837
359,1785,2008,Severe Storm(s),1,1,1,1,65,14115,14109,14134,25,6,14109.0,23.28192181
360,1785,2008,Severe Storm(s),0,0,1,1,121,14115,14109,14134,25,6,14109.0,78.83360429999999
361,1785,2008,Severe Storm(s),0,0,1,1,87,14115,14109,14134,25,6,14109.0,2597.4272849999998
362,1785,2008,Severe Storm(s),1,1,1,1,123,14115,14109,14134,25,6,14109.0,153.07617809999996
363,1785,2008,Severe Storm(s),0,0,1,1,115,14115,14109,14134,25,6,14109.0,109.14827809999998
364,1785,2008,Severe Storm(s),1,1,0,1,79,14115,14109,14134,25,6,14109.0,41.03022198
365,1785,2008,Severe Storm(s),1,1,1,1,89,14115,14109,14134,25,6,14109.0,535.314969
366,1785,2008,Severe Storm(s),1,1,1,1,69,14115,14109,14134,25,6,14109.0,204.78500160000004
367,1785,2008,Severe Storm(s),1,1,1,1,85,14115,14109,14134,25,6,14109.0,593.3609889999999
368,1785,2008,Severe Storm(s),0,0,1,1,97,14115,14109,14134,25,6,14109.0,534.7318649000001
369,1785,2008,Severe Storm(s),0,0,1,1,99,14115,14109,14134,25,6,14109.0,4013.3039869999984
370,1785,2008,Severe Storm(s),1,1,1,1,77,14115,14109,14134,25,6,14109.0,105.19124100000002
371,1785,2008,Severe Storm(s),0,0,1,1,15,14115,14109,14134,25,6,14109.0,155.53319890000003
372,1785,2008,Severe Storm(s),0,0,1,1,35,14115,14109,14134,25,6,14109.0,218.54799
373,1785,2008,Severe Storm(s),0,0,1,1,29,14115,14109,14134,25,6,14109.0,31.524258800000002
374,1785,2008,Severe Storm(s),0,0,1,1,81,14115,14109,14134,25,6,14109.0,37.41478625
375,1785,2008,Severe Storm(s),1,1,0,1,95,14115,14109,14134,25,6,14109.0,164.96363440000002
376,1785,2008,Severe Storm(s),1,1,1,1,51,14115,14109,14134,25,6,14109.0,1197.359939
377,1806,2009,Hurricane,0,0,1,1,33,14179,14122,14129,7,57,14122.0,70.530354
378,1806,2009,Hurricane,0,0,1,1,45,14179,14122,14129,7,57,14122.0,118.15207099999999
379,1806,2009,Hurricane,0,0,1,1,91,14179,14122,14129,7,57,14122.0,111.4926902
380,1806,2009,Hurricane,0,0,1,1,5,14179,14122,14129,7,57,14122.0,169.91830090000005
381,1806,2009,Hurricane,0,0,1,1,113,14179,14122,14129,7,57,14122.0,98.67190895000002
382,1806,2009,Hurricane,0,0,1,1,37,14179,14122,14129,7,57,14122.0,115.1793528
383,1831,2009,Severe Storm(s),1,0,1,1,59,14355,14329,14369,40,26,14329.0,634.2513009999999
384,1831,2009,Severe Storm(s),1,0,0,1,75,14355,14329,14369,40,26,14329.0,33.359008159999995
385,1831,2009,Severe Storm(s),1,0,1,1,77,14355,14329,14369,40,26,14329.0,1336.2984470000001
386,1831,2009,Severe Storm(s),0,0,1,1,37,14355,14329,14369,40,26,14329.0,801.399406
387,1831,2009,Severe Storm(s),1,0,1,1,13,14355,14329,14369,40,26,14329.0,1131.936815
388,1831,2009,Severe Storm(s),1,0,1,1,73,14355,14329,14369,40,26,14329.0,979.3844789999998
389,1831,2009,Severe Storm(s),0,0,1,1,33,14355,14329,14369,40,26,14329.0,999.1804950000001
390,1831,2009,Severe Storm(s),1,0,1,1,47,14355,14329,14369,40,26,14329.0,65.8993215
391,1831,2009,Severe Storm(s),1,0,1,1,129,14355,14329,14369,40,26,14329.0,811.363554
392,1831,2009,Severe Storm(s),1,0,1,1,67,14355,14329,14369,40,26,14329.0,120.94786889999999
393,1831,2009,Severe Storm(s),1,0,1,1,29,14355,14329,14369,40,26,14329.0,93.74013870000003
394,1831,2009,Severe Storm(s),1,0,1,1,41,14355,14329,14369,40,26,14329.0,6.0602335400000005
395,1831,2009,Severe Storm(s),0,0,1,1,39,14355,14329,14369,40,26,14329.0,820.8742240000001
396,1831,2009,Severe Storm(s),1,0,1,1,63,14355,14329,14369,40,26,14329.0,1177.4627619999999
397,1831,2009,Severe Storm(s),0,0,1,1,45,14355,14329,14369,40,26,14329.0,959.212297
398,1831,2009,Severe Storm(s),0,0,1,1,65,14355,14329,14369,40,26,14329.0,696.4951169999999
399,1831,2009,Severe Storm(s),0,0,1,1,5,14355,14329,14369,40,26,14329.0,1622.433754
400,1831,2009,Severe Storm(s),1,0,1,1,133,14355,14329,14369,40,26,14329.0,1301.967484
401,1831,2009,Severe Storm(s),1,0,1,1,79,14355,14329,14369,40,26,14329.0,323.667221
402,1831,2009,Severe Storm(s),1,0,1,1,131,14355,14329,14369,40,26,14329.0,1812.5508790000001
403,1831,2009,Severe Storm(s),1,0,1,1,121,14355,14329,14369,40,26,14329.0,56.114895000000004
404,1831,2009,Severe Storm(s),1,0,1,1,113,14355,14329,14369,40,26,14329.0,1269.5085740000002
405,1831,2009,Severe Storm(s),1,0,1,1,91,14355,14329,14369,40,26,14329.0,1008.8012529999999
406,1840,2009,Severe Storm(s),0,0,1,1,19,14391,14381,14392,11,10,14381.0,259.1032867
407,1840,2009,Severe Storm(s),0,0,1,1,35,14391,14381,14392,11,10,14381.0,87.3209026
408,1840,2009,Severe Storm(s),0,0,1,1,3,14391,14381,14392,11,10,14381.0,346.8916316
409,1840,2009,Severe Storm(s),1,0,1,1,127,14391,14381,14392,11,10,14381.0,297.72063075
410,1840,2009,Severe Storm(s),0,0,1,1,107,14391,14381,14392,11,10,14381.0,159.2863044
411,3220,2005,Hurricane,0,0,1,0,5,13031,13024,13057,33,7,13024.0,195.74533069999998
412,3220,2005,Hurricane,0,0,1,0,95,13031,13024,13057,33,7,13024.0,54.78103307199999
413,3220,2005,Hurricane,0,0,1,0,93,13031,13024,13057,33,7,13024.0,7.74027766
414,3220,2005,Hurricane,0,0,1,0,91,13031,13024,13057,33,7,13024.0,832.9929210000001
415,3220,2005,Hurricane,0,0,1,0,105,13031,13024,13057,33,7,13024.0,26.598267212000003
416,3220,2005,Hurricane,0,0,1,0,103,13031,13024,13057,33,7,13024.0,2.52028959
417,3220,2005,Hurricane,0,0,1,0,97,13031,13024,13057,33,7,13024.0,72.87875272999999
418,3220,2005,Hurricane,0,0,1,0,119,13031,13024,13057,33,7,13024.0,32.63779693
419,3220,2005,Hurricane,0,0,1,0,123,13031,13024,13057,33,7,13024.0,161.8165665
420,3220,2005,Hurricane,0,0,1,0,125,13031,13024,13057,33,7,13024.0,22.0026066
421,3220,2005,Hurricane,0,0,1,0,113,13031,13024,13057,33,7,13024.0,1578.3840100000002
422,3220,2005,Hurricane,0,0,1,0,133,13031,13024,13057,33,7,13024.0,112.4861187
423,3220,2005,Hurricane,0,0,1,0,121,13031,13024,13057,33,7,13024.0,36.892848099999995
424,3220,2005,Hurricane,0,0,1,0,129,13031,13024,13057,33,7,13024.0,272.0923
425,3220,2005,Hurricane,0,0,1,0,127,13031,13024,13057,33,7,13024.0,230.92078370000002
426,3220,2005,Hurricane,0,0,1,0,15,13031,13024,13057,33,7,13024.0,2.248178197
427,3220,2005,Hurricane,0,0,1,0,13,13031,13024,13057,33,7,13024.0,235.81585759999996
428,3220,2005,Hurricane,0,0,1,0,19,13031,13024,13057,33,7,13024.0,114.3619414
429,3220,2005,Hurricane,0,0,1,0,1,13031,13024,13057,33,7,13024.0,186.63211830000003
430,3220,2005,Hurricane,0,0,1,0,37,13031,13024,13057,33,7,13024.0,241.01416359999996
431,3220,2005,Hurricane,0,0,1,0,3,13031,13024,13057,33,7,13024.0,39.16276624
432,3220,2005,Hurricane,0,0,1,0,33,13031,13024,13057,33,7,13024.0,1447.7481320000004
433,3220,2005,Hurricane,0,0,1,0,7,13031,13024,13057,33,7,13024.0,43.6985763
434,3220,2005,Hurricane,0,0,1,0,35,13031,13024,13057,33,7,13024.0,83.5361171
435,3220,2005,Hurricane,0,0,1,0,9,13031,13024,13057,33,7,13024.0,239.69808024
436,3220,2005,Hurricane,0,0,1,0,41,13031,13024,13057,33,7,13024.0,22.0890449
437,3220,2005,Hurricane,0,0,1,0,11,13031,13024,13057,33,7,13024.0,117.35389367999998
438,3220,2005,Hurricane,0,0,1,0,45,13031,13024,13057,33,7,13024.0,259.868162
439,3220,2005,Hurricane,0,0,1,0,17,13031,13024,13057,33,7,13024.0,23.020630528
440,3220,2005,Hurricane,0,0,1,0,49,13031,13024,13057,33,7,13024.0,3.952409481
441,3220,2005,Hurricane,0,0,1,0,21,13031,13024,13057,33,7,13024.0,42.70637207600001
442,3220,2005,Hurricane,0,0,1,0,55,13031,13024,13057,33,7,13024.0,7.079398735999999
443,3220,2005,Hurricane,0,0,1,0,23,13031,13024,13057,33,7,13024.0,26.142062000000003
444,3220,2005,Hurricane,0,0,1,0,101,13031,13024,13057,33,7,13024.0,4.56908215
445,3220,2005,Hurricane,0,0,1,0,57,13031,13024,13057,33,7,13024.0,4.019568152
446,3220,2005,Hurricane,0,0,1,0,27,13031,13024,13057,33,7,13024.0,2.32374444
447,3220,2005,Hurricane,0,0,1,0,61,13031,13024,13057,33,7,13024.0,7.735587967000001
448,3220,2005,Hurricane,0,0,1,0,29,13031,13024,13057,33,7,13024.0,22.269719829999996
449,3220,2005,Hurricane,0,0,1,0,65,13031,13024,13057,33,7,13024.0,145.170737
450,3220,2005,Hurricane,0,0,1,0,31,13031,13024,13057,33,7,13024.0,265.83502200000004
451,3220,2005,Hurricane,0,0,1,0,99,13031,13024,13057,33,7,13024.0,117.25356430700002
452,3220,2005,Hurricane,0,0,1,0,69,13031,13024,13057,33,7,13024.0,49.10211014
453,3220,2005,Hurricane,0,0,1,0,43,13031,13024,13057,33,7,13024.0,51.56266342799999
454,3220,2005,Hurricane,0,0,1,0,71,13031,13024,13057,33,7,13024.0,4.823472725
455,3220,2005,Hurricane,0,0,1,0,47,13031,13024,13057,33,7,13024.0,24.211544099999998
456,3220,2005,Hurricane,0,0,1,0,77,13031,13024,13057,33,7,13024.0,346.499055
457,3220,2005,Hurricane,0,0,1,0,51,13031,13024,13057,33,7,13024.0,7.025548665
458,3220,2005,Hurricane,0,0,1,0,53,13031,13024,13057,33,7,13024.0,6.9782568650000005
459,3220,2005,Hurricane,0,0,1,0,83,13031,13024,13057,33,7,13024.0,215.80175219999998
460,3220,2005,Hurricane,0,0,1,0,59,13031,13024,13057,33,7,13024.0,92.73536179999999
461,3220,2005,Hurricane,0,0,1,0,85,13031,13024,13057,33,7,13024.0,7.156451267
462,3220,2005,Hurricane,0,0,1,0,63,13031,13024,13057,33,7,13024.0,244.03548669999998
463,3220,2005,Hurricane,0,0,1,0,67,13031,13024,13057,33,7,13024.0,82.73919519999998
464,3220,2005,Hurricane,0,0,1,0,107,13031,13024,13057,33,7,13024.0,106.09638249999998
465,3220,2005,Hurricane,0,0,1,0,73,13031,13024,13057,33,7,13024.0,194.86492500000003
466,3220,2005,Hurricane,0,0,1,0,75,13031,13024,13057,33,7,13024.0,48.817496510000005
467,3220,2005,Hurricane,0,0,1,0,81,13031,13024,13057,33,7,13024.0,1.617532685
468,3220,2005,Hurricane,0,0,1,0,86,13031,13024,13057,33,7,13024.0,238.76020615000007
469,3220,2005,Hurricane,0,0,1,0,87,13031,13024,13057,33,7,13024.0,37.497342237
470,3220,2005,Hurricane,0,0,1,0,89,13031,13024,13057,33,7,13024.0,165.89927129999998
471,3220,2005,Hurricane,0,0,1,0,79,13031,13024,13057,33,7,13024.0,82.6364152
472,3220,2005,Hurricane,0,0,1,0,39,13031,13024,13057,33,7,13024.0,179.9429354
473,3220,2005,Hurricane,0,0,1,0,111,13031,13024,13057,33,7,13024.0,1.8574321889999998
474,3220,2005,Hurricane,0,0,1,0,109,13031,13024,13057,33,7,13024.0,121.57393350000001
475,3220,2005,Hurricane,0,0,1,0,131,13031,13024,13057,33,7,13024.0,773.1223320000003
476,3220,2005,Hurricane,0,0,1,0,115,13031,13024,13057,33,7,13024.0,2.461163716
477,3220,2005,Hurricane,0,0,1,0,117,13031,13024,13057,33,7,13024.0,42.076484900000004
478,3259,2005,Hurricane,0,0,1,0,11,13046,13044,13079,35,2,13044.0,12.234802233999998
479,3259,2005,Hurricane,0,0,1,0,86,13046,13044,13079,35,2,13044.0,84.324945034
480,3259,2005,Hurricane,0,0,1,0,87,13046,13044,13079,35,2,13044.0,319.0568772969999
481,3259,2005,Hurricane,0,0,1,0,21,13046,13044,13079,35,2,13044.0,81.894593191
482,3288,2008,Severe Storm(s),0,0,1,0,7,14112,14109,14134,25,3,14109.0,49.401148899999995
483,3288,2008,Severe Storm(s),0,0,1,0,19,14112,14109,14134,25,3,14109.0,128.3356787
484,3288,2008,Severe Storm(s),0,0,1,0,53,14112,14109,14134,25,3,14109.0,137.4752828
485,3288,2008,Severe Storm(s),0,0,1,0,97,14112,14109,14134,25,3,14109.0,534.7318649000001
486,3288,2008,Severe Storm(s),0,0,1,0,39,14112,14109,14134,25,3,14109.0,56.36577370000001
487,3288,2008,Severe Storm(s),0,0,1,0,133,14112,14109,14134,25,3,14109.0,145.6706032
488,3288,2008,Severe Storm(s),0,0,1,0,75,14112,14109,14134,25,3,14109.0,269.6778066
489,3288,2008,Severe Storm(s),0,0,1,0,33,14112,14109,14134,25,3,14109.0,98.46692329999999
490,3288,2008,Severe Storm(s),0,0,1,0,113,14112,14109,14134,25,3,14109.0,251.44049580000006
491,3288,2008,Severe Storm(s),0,0,1,0,73,14112,14109,14134,25,3,14109.0,41.693566499999996
492,3288,2008,Severe Storm(s),0,0,1,0,45,14112,14109,14134,25,3,14109.0,66.08366450000001
493,3288,2008,Severe Storm(s),0,0,1,0,95,14112,14109,14134,25,3,14109.0,164.96363440000002
494,3288,2008,Severe Storm(s),0,0,1,0,109,14112,14109,14134,25,3,14109.0,158.7053755
495,3288,2008,Severe Storm(s),0,0,1,0,79,14112,14109,14134,25,3,14109.0,41.03022198
496,3288,2008,Severe Storm(s),0,0,1,0,111,14112,14109,14134,25,3,14109.0,610.456658
497,3288,2008,Severe Storm(s),0,0,1,0,87,14112,14109,14134,25,3,14109.0,2597.4272849999998
498,3288,2008,Severe Storm(s),0,0,1,0,105,14112,14109,14134,25,3,14109.0,378.92832809999993
499,3288,2008,Severe Storm(s),0,0,1,0,41,14112,14109,14134,25,3,14109.0,51.782230199999994
500,3288,2008,Severe Storm(s),0,0,1,0,37,14112,14109,14134,25,3,14109.0,83.26121420000001
501,3288,2008,Severe Storm(s),0,0,1,0,43,14112,14109,14134,25,3,14109.0,788.449822
502,3288,2008,Severe Storm(s),0,0,1,0,29,14112,14109,14134,25,3,14109.0,31.524258800000002
503,3288,2008,Severe Storm(s),0,0,1,0,121,14112,14109,14134,25,3,14109.0,78.83360429999999
504,3288,2008,Severe Storm(s),0,0,1,0,31,14112,14109,14134,25,3,14109.0,358.9744333
505,3288,2008,Severe Storm(s),0,0,1,0,131,14112,14109,14134,25,3,14109.0,156.9950864
506,3288,2008,Severe Storm(s),0,0,1,0,129,14112,14109,14134,25,3,14109.0,39.4897776
507,3288,2008,Severe Storm(s),0,0,1,0,117,14112,14109,14134,25,3,14109.0,35.9982311
508,3288,2008,Severe Storm(s),0,0,1,0,123,14112,14109,14134,25,3,14109.0,153.07617809999996
509,3288,2008,Severe Storm(s),0,0,1,0,93,14112,14109,14134,25,3,14109.0,500.5555785
510,3288,2008,Severe Storm(s),0,0,1,0,59,14112,14109,14134,25,3,14109.0,41.05347656
511,3288,2008,Severe Storm(s),0,0,1,0,35,14112,14109,14134,25,3,14109.0,218.54799
512,3288,2008,Severe Storm(s),0,0,1,0,115,14112,14109,14134,25,3,14109.0,109.14827809999998
513,3288,2008,Severe Storm(s),0,0,1,0,81,14112,14109,14134,25,3,14109.0,37.41478625
514,3288,2008,Severe Storm(s),0,0,1,0,83,14112,14109,14134,25,3,14109.0,548.4918377999999
515,3288,2008,Severe Storm(s),0,0,1,0,65,14112,14109,14134,25,3,14109.0,23.28192181
516,3288,2008,Severe Storm(s),0,0,1,0,57,14112,14109,14134,25,3,14109.0,49.00236720399999
517,3288,2008,Severe Storm(s),0,0,1,0,125,14112,14109,14134,25,3,14109.0,25.3136888
518,3288,2008,Severe Storm(s),0,0,1,0,99,14112,14109,14134,25,3,14109.0,4013.3039869999984
519,3288,2008,Severe Storm(s),0,0,1,0,61,14112,14109,14134,25,3,14109.0,213.059713
520,3288,2008,Severe Storm(s),0,0,1,0,55,14112,14109,14134,25,3,14109.0,482.54260249999993
521,3288,2008,Severe Storm(s),0,0,1,0,51,14112,14109,14134,25,3,14109.0,1197.359939
522,3288,2008,Severe Storm(s),0,0,1,0,107,14112,14109,14134,25,3,14109.0,247.04178940000003
523,3288,2008,Severe Storm(s),0,0,1,0,63,14112,14109,14134,25,3,14109.0,41.10283312
524,3288,2008,Severe Storm(s),0,0,1,0,127,14112,14109,14134,25,3,14109.0,562.7422019
525,3288,2008,Severe Storm(s),0,0,1,0,101,14112,14109,14134,25,3,14109.0,69.41657550000001
526,3288,2008,Severe Storm(s),0,0,1,0,91,14112,14109,14134,25,3,14109.0,257.2364545
527,3288,2008,Severe Storm(s),0,0,1,0,86,14112,14109,14134,25,3,14109.0,3962.98929
528,3288,2008,Severe Storm(s),0,0,1,0,119,14112,14109,14134,25,3,14109.0,82.46022289999999
529,3288,2008,Severe Storm(s),0,0,1,0,103,14112,14109,14134,25,3,14109.0,42.3968084
530,3288,2008,Severe Storm(s),0,0,1,0,23,14112,14109,14134,25,3,14109.0,117.5086943
531,3288,2008,Severe Storm(s),0,0,1,0,49,14112,14109,14134,25,3,14109.0,122.99072880000001
532,3288,2008,Severe Storm(s),0,0,1,0,15,14112,14109,14134,25,3,14109.0,155.53319890000003
533,3288,2008,Severe Storm(s),0,0,1,0,17,14112,14109,14134,25,3,14109.0,137.6524884
534,3288,2008,Severe Storm(s),0,0,1,0,21,14112,14109,14134,25,3,14109.0,2515.6054
535,3288,2008,Severe Storm(s),0,0,1,0,47,14112,14109,14134,25,3,14109.0,50.4739837
536,3288,2008,Severe Storm(s),0,0,1,0,1,14112,14109,14134,25,3,14109.0,104.55476270000001
537,3288,2008,Severe Storm(s),0,0,1,0,5,14112,14109,14134,25,3,14109.0,135.6464719
538,3288,2008,Severe Storm(s),0,0,1,0,9,14112,14109,14134,25,3,14109.0,277.67257684000003
539,3288,2008,Severe Storm(s),0,0,1,0,27,14112,14109,14134,25,3,14109.0,259.855862
540,3288,2008,Severe Storm(s),0,0,1,0,3,14112,14109,14134,25,3,14109.0,281.6055415
541,3288,2008,Severe Storm(s),0,0,1,0,11,14112,14109,14134,25,3,14109.0,1755.4640079999997
542,3288,2008,Severe Storm(s),0,0,1,0,13,14112,14109,14134,25,3,14109.0,133.99714919999997
543,3288,2008,Severe Storm(s),0,0,1,0,67,14112,14109,14134,25,3,14109.0,28.90462377
544,3288,2008,Severe Storm(s),0,0,1,0,77,14112,14109,14134,25,3,14109.0,105.19124100000002
545,3288,2008,Severe Storm(s),0,0,1,0,85,14112,14109,14134,25,3,14109.0,593.3609889999999
546,3288,2008,Severe Storm(s),0,0,1,0,71,14112,14109,14134,25,3,14109.0,514.2273476
547,3288,2008,Severe Storm(s),0,0,1,0,69,14112,14109,14134,25,3,14109.0,204.78500160000004
548,3288,2008,Severe Storm(s),0,0,1,0,89,14112,14109,14134,25,3,14109.0,535.314969
549,3293,2008,Hurricane,0,0,1,0,87,14129,14127,14134,7,2,14127.0,714.548976
550,3377,2017,Hurricane,0,0,1,0,107,17080,17077,17094,17,3,17077.0,15.371862118
551,3377,2017,Hurricane,0,0,1,0,61,17080,17077,17094,17,3,17077.0,85.9684277
552,3377,2017,Hurricane,0,0,1,0,85,17080,17077,17094,17,3,17077.0,541.4055815
553,3377,2017,Hurricane,0,0,1,0,19,17080,17077,17094,17,3,17077.0,4.838580308999999
554,3377,2017,Hurricane,0,0,1,0,35,17080,17077,17094,17,3,17077.0,3.482828519
555,3377,2017,Hurricane,0,0,1,0,53,17080,17077,17094,17,3,17077.0,219.288403
556,3377,2017,Hurricane,0,0,1,0,3,17080,17077,17094,17,3,17077.0,1.3355550529999998
557,3377,2017,Hurricane,0,0,1,0,109,17080,17077,17094,17,3,17077.0,103.794626596
558,3377,2017,Hurricane,0,0,1,0,11,17080,17077,17094,17,3,17077.0,384.37415989999994
559,3377,2017,Hurricane,0,0,1,0,95,17080,17077,17094,17,3,17077.0,115.5712738
560,3377,2017,Hurricane,0,0,1,0,43,17080,17077,17094,17,3,17077.0,547.727638
561,3377,2017,Hurricane,0,0,1,0,17,17080,17077,17094,17,3,17077.0,197.756373
562,3377,2017,Hurricane,0,0,1,0,69,17080,17077,17094,17,3,17077.0,136.9834562
563,3377,2017,Hurricane,0,0,1,0,31,17080,17077,17094,17,3,17077.0,12.544172115999999
564,3377,2017,Hurricane,0,0,1,0,83,17080,17077,17094,17,3,17077.0,160.45180775
565,3377,2017,Hurricane,0,0,1,0,93,17080,17077,17094,17,3,17077.0,183.8420222
566,3377,2017,Hurricane,0,0,1,0,89,17080,17077,17094,17,3,17077.0,7.2656023759999995
567,3377,2017,Hurricane,0,0,1,0,9,17080,17077,17094,17,3,17077.0,524.6005468
568,3377,2017,Hurricane,0,0,1,0,86,17080,17077,17094,17,3,17077.0,592.449418
569,3377,2017,Hurricane,0,0,1,0,87,17080,17077,17094,17,3,17077.0,500.2333783
570,3377,2017,Hurricane,0,0,1,0,97,17080,17077,17094,17,3,17077.0,334.6089672
571,3377,2017,Hurricane,0,0,1,0,51,17080,17077,17094,17,3,17077.0,1440.5815289999998
572,3377,2017,Hurricane,0,0,1,0,55,17080,17077,17094,17,3,17077.0,355.037777
573,3377,2017,Hurricane,0,0,1,0,99,17080,17077,17094,17,3,17077.0,1761.2584995999991
574,3377,2017,Hurricane,0,0,1,0,105,17080,17077,17094,17,3,17077.0,707.5554397999998
575,3377,2017,Hurricane,0,0,1,0,117,17080,17077,17094,17,3,17077.0,6.721235609
576,3377,2017,Hurricane,0,0,1,0,111,17080,17077,17094,17,3,17077.0,407.423885
577,3377,2017,Hurricane,0,0,1,0,127,17080,17077,17094,17,3,17077.0,129.355796974
578,3385,2017,Hurricane,0,0,1,0,29,17414,17414,17458,44,0,17414.0,17.47203611
579,3385,2017,Hurricane,0,0,1,0,11,17414,17414,17458,44,0,17414.0,432.1384816
580,3385,2017,Hurricane,0,0,1,0,9,17414,17414,17458,44,0,17414.0,123.99551811999999
581,3385,2017,Hurricane,0,0,1,0,21,17414,17414,17458,44,0,17414.0,457.4880503559998
582,3385,2017,Hurricane,0,0,1,0,117,17414,17414,17458,44,0,17414.0,22.37830612
583,3385,2017,Hurricane,0,0,1,0,3,17414,17414,17458,44,0,17414.0,186.366865239
584,3385,2017,Hurricane,0,0,1,0,69,17414,17414,17458,44,0,17414.0,5.167647828000001
585,3385,2017,Hurricane,0,0,1,0,35,17414,17414,17458,44,0,17414.0,0.8241477850000002
586,3385,2017,Hurricane,0,0,1,0,73,17414,17414,17458,44,0,17414.0,43.848133409999996
587,3385,2017,Hurricane,0,0,1,0,125,17414,17414,17458,44,0,17414.0,0.317270689
588,3385,2017,Hurricane,0,0,1,0,19,17414,17414,17458,44,0,17414.0,1.7009469120000003
589,3385,2017,Hurricane,0,0,1,0,53,17414,17414,17458,44,0,17414.0,3.176357673
590,3385,2017,Hurricane,0,0,1,0,57,17414,17414,17458,44,0,17414.0,57.55285220599998
591,3385,2017,Hurricane,0,0,1,0,97,17414,17414,17458,44,0,17414.0,34.746867392
592,3385,2017,Hurricane,0,0,1,0,131,17414,17414,17458,44,0,17414.0,0.7343478440000002
593,3385,2017,Hurricane,0,0,1,0,91,17414,17414,17458,44,0,17414.0,1.350491935
594,3385,2017,Hurricane,0,0,1,0,55,17414,17414,17458,44,0,17414.0,137.87891190000002
595,3385,2017,Hurricane,0,0,1,0,61,17414,17414,17458,44,0,17414.0,94.97599144
596,3385,2017,Hurricane,0,0,1,0,115,17414,17414,17458,44,0,17414.0,30.926946570000002
597,3385,2017,Hurricane,0,0,1,0,113,17414,17414,17458,44,0,17414.0,1.099235544
598,3385,2017,Hurricane,0,0,1,0,75,17414,17414,17458,44,0,17414.0,20.65522048
599,3385,2017,Hurricane,0,0,1,0,27,17414,17414,17458,44,0,17414.0,57.17298432
600,3385,2017,Hurricane,0,0,1,0,127,17414,17414,17458,44,0,17414.0,57.425036866000006
601,3385,2017,Hurricane,0,0,1,0,65,17414,17414,17458,44,0,17414.0,35.27885514999999
602,3385,2017,Hurricane,0,0,1,0,7,17414,17414,17458,44,0,17414.0,2.88687076
603,3385,2017,Hurricane,0,0,1,0,81,17414,17414,17458,44,0,17414.0,30.18483842
604,3385,2017,Hurricane,0,0,1,0,43,17414,17414,17458,44,0,17414.0,79.41714366000002
605,3385,2017,Hurricane,0,0,1,0,85,17414,17414,17458,44,0,17414.0,117.53354390000001
606,3385,2017,Hurricane,0,0,1,0,67,17414,17414,17458,44,0,17414.0,16.144959959
607,3385,2017,Hurricane,0,0,1,0,121,17414,17414,17458,44,0,17414.0,14.74565602
608,3385,2017,Hurricane,0,0,1,0,51,17414,17414,17458,44,0,17414.0,222.14948649999994
609,3385,2017,Hurricane,0,0,1,0,47,17414,17414,17458,44,0,17414.0,52.209521200000005
610,3385,2017,Hurricane,0,0,1,0,129,17414,17414,17458,44,0,17414.0,47.67634198
611,3385,2017,Hurricane,0,0,1,0,89,17414,17414,17458,44,0,17414.0,157.91461710000002
612,3385,2017,Hurricane,0,0,1,0,101,17414,17414,17458,44,0,17414.0,23.390869664
613,3385,2017,Hurricane,0,0,1,0,33,17414,17414,17458,44,0,17414.0,1.169896465
614,3385,2017,Hurricane,0,0,1,0,79,17414,17414,17458,44,0,17414.0,28.632899169999998
615,3385,2017,Hurricane,0,0,1,0,49,17414,17414,17458,44,0,17414.0,49.24765835
616,3385,2017,Hurricane,0,0,1,0,41,17414,17414,17458,44,0,17414.0,13.090811839999999
617,3385,2017,Hurricane,0,0,1,0,63,17414,17414,17458,44,0,17414.0,2.671517415
618,3385,2017,Hurricane,0,0,1,0,45,17414,17414,17458,44,0,17414.0,21.37561402
619,3385,2017,Hurricane,0,0,1,0,17,17414,17414,17458,44,0,17414.0,2.718679735
620,3385,2017,Hurricane,0,0,1,0,13,17414,17414,17458,44,0,17414.0,17.332677542
621,3385,2017,Hurricane,0,0,1,0,95,17414,17414,17458,44,0,17414.0,41.669696007
622,3385,2017,Hurricane,0,0,1,0,86,17414,17414,17458,44,0,17414.0,249.58141430000006
623,3385,2017,Hurricane,0,0,1,0,105,17414,17414,17458,44,0,17414.0,64.428796719
624,3385,2017,Hurricane,0,0,1,0,93,17414,17414,17458,44,0,17414.0,50.4806221
625,3385,2017,Hurricane,0,0,1,0,71,17414,17414,17458,44,0,17414.0,28.81030762
626,3385,2017,Hurricane,0,0,1,0,23,17414,17414,17458,44,0,17414.0,74.79555818
627,3385,2017,Hurricane,0,0,1,0,103,17414,17414,17458,44,0,17414.0,4.17827052
628,3385,2017,Hurricane,0,0,1,0,107,17414,17414,17458,44,0,17414.0,7.416102863
629,3385,2017,Hurricane,0,0,1,0,111,17414,17414,17458,44,0,17414.0,96.4340738
630,3385,2017,Hurricane,0,0,1,0,119,17414,17414,17458,44,0,17414.0,2.22632574
631,3385,2017,Hurricane,0,0,1,0,83,17414,17414,17458,44,0,17414.0,9.958766681
632,3385,2017,Hurricane,0,0,1,0,59,17414,17414,17458,44,0,17414.0,0.0
633,3385,2017,Hurricane,0,0,1,0,133,17414,17414,17458,44,0,17414.0,0.14244346200000002
634,3385,2017,Hurricane,0,0,1,0,15,17414,17414,17458,44,0,17414.0,30.17477772
635,3385,2017,Hurricane,0,0,1,0,5,17414,17414,17458,44,0,17414.0,14.971122177000002
636,3385,2017,Hurricane,0,0,1,0,31,17414,17414,17458,44,0,17414.0,67.193590059
637,3385,2017,Hurricane,0,0,1,0,1,17414,17414,17458,44,0,17414.0,27.511845385
638,3385,2017,Hurricane,0,0,1,0,109,17414,17414,17458,44,0,17414.0,0.879111669
639,3385,2017,Hurricane,0,0,1,0,37,17414,17414,17458,44,0,17414.0,31.926542600000005
640,3385,2017,Hurricane,0,0,1,0,39,17414,17414,17458,44,0,17414.0,12.547023937999999
641,3385,2017,Hurricane,0,0,1,0,123,17414,17414,17458,44,0,17414.0,26.55456103
642,3385,2017,Hurricane,0,0,1,0,87,17414,17414,17458,44,0,17414.0,222.1169502600001
643,3385,2017,Hurricane,0,0,1,0,77,17414,17414,17458,44,0,17414.0,47.849963949999996
644,3385,2017,Hurricane,0,0,1,0,99,17414,17414,17458,44,0,17414.0,698.1451276999999
645,3388,2017,Hurricane,0,0,1,0,0,17418,17413,17444,31,5,,
646,3395,2018,Hurricane,0,0,1,0,113,17447,17446,17451,5,1,17446.0,78.29129200000001
647,3395,2018,Hurricane,0,0,1,0,33,17447,17446,17451,5,1,17446.0,205.7416262
648,3405,2019,Hurricane,0,0,1,0,17,17813,17811,17824,13,2,17811.0,6.4811550759999985
649,3405,2019,Hurricane,0,0,1,0,7,17813,17811,17824,13,2,17811.0,0.185518823
650,3405,2019,Hurricane,0,0,1,0,133,17813,17811,17824,13,2,17811.0,0.0
651,3405,2019,Hurricane,0,0,1,0,123,17813,17811,17824,13,2,17811.0,0.09448641099999999
652,3405,2019,Hurricane,0,0,1,0,45,17813,17811,17824,13,2,17811.0,0.628735884
653,3405,2019,Hurricane,0,0,1,0,53,17813,17811,17824,13,2,17811.0,7.814717819999999
654,3405,2019,Hurricane,0,0,1,0,75,17813,17811,17824,13,2,17811.0,5.125079737999999
655,3405,2019,Hurricane,0,0,1,0,5,17813,17811,17824,13,2,17811.0,0.49989316100000003
656,3405,2019,Hurricane,0,0,1,0,1,17813,17811,17824,13,2,17811.0,0.636841871
657,3405,2019,Hurricane,0,0,1,0,63,17813,17811,17824,13,2,17811.0,0.018583501000000002
658,3405,2019,Hurricane,0,0,1,0,59,17813,17811,17824,13,2,17811.0,0.0
659,3405,2019,Hurricane,0,0,1,0,39,17813,17811,17824,13,2,17811.0,0.44404461
660,3405,2019,Hurricane,0,0,1,0,3,17813,17811,17824,13,2,17811.0,0.211446435
661,3405,2019,Hurricane,0,0,1,0,65,17813,17811,17824,13,2,17811.0,0.007887701
662,3405,2019,Hurricane,0,0,1,0,13,17813,17811,17824,13,2,17811.0,0.00010068200000000001
663,3405,2019,Hurricane,0,0,1,0,125,17813,17811,17824,13,2,17811.0,0.000419904
664,3405,2019,Hurricane,0,0,1,0,23,17813,17811,17824,13,2,17811.0,0.09208482800000001
665,3405,2019,Hurricane,0,0,1,0,101,17813,17811,17824,13,2,17811.0,25.333570280000004
666,3405,2019,Hurricane,0,0,1,0,131,17813,17811,17824,13,2,17811.0,0.46417137499999994
667,3405,2019,Hurricane,0,0,1,0,37,17813,17811,17824,13,2,17811.0,0.37853866999999997
668,3405,2019,Hurricane,0,0,1,0,33,17813,17811,17824,13,2,17811.0,1.6910681379999999
669,3405,2019,Hurricane,0,0,1,0,77,17813,17811,17824,13,2,17811.0,0.22448870399999998
670,3405,2019,Hurricane,0,0,1,0,41,17813,17811,17824,13,2,17811.0,0.08842184
671,3405,2019,Hurricane,0,0,1,0,103,17813,17811,17824,13,2,17811.0,9.54571722
672,3405,2019,Hurricane,0,0,1,0,67,17813,17811,17824,13,2,17811.0,0.07593344499999999
673,3405,2019,Hurricane,0,0,1,0,73,17813,17811,17824,13,2,17811.0,0.11419492399999999
674,3405,2019,Hurricane,0,0,1,0,91,17813,17811,17824,13,2,17811.0,1.0768026159999997
675,3405,2019,Hurricane,0,0,1,0,47,17813,17811,17824,13,2,17811.0,0.0
676,3405,2019,Hurricane,0,0,1,0,121,17813,17811,17824,13,2,17811.0,0.035944159999999996
677,3405,2019,Hurricane,0,0,1,0,113,17813,17811,17824,13,2,17811.0,2.8026870880000003
678,3405,2019,Hurricane,0,0,1,0,79,17813,17811,17824,13,2,17811.0,0.0
679,3405,2019,Hurricane,0,0,1,0,29,17813,17811,17824,13,2,17811.0,0.315251906
680,3405,2019,Hurricane,0,0,1,0,129,17813,17811,17824,13,2,17811.0,0.053818586
681,3405,2019,Hurricane,0,0,1,0,57,17813,17811,17824,13,2,17811.0,12.776750359000003
682,3405,2019,Hurricane,0,0,1,0,81,17813,17811,17824,13,2,17811.0,7.31648216
683,4068,2012,Severe Storm(s),0,0,1,1,47,15524,15515,15547,32,9,15515.0,683.306769
684,4068,2012,Severe Storm(s),0,0,1,1,21,15524,15515,15547,32,9,15515.0,2878.4161759999997
685,4068,2012,Severe Storm(s),0,0,1,1,15,15524,15515,15547,32,9,15515.0,1526.4378619999998
686,4068,2012,Severe Storm(s),0,0,1,1,79,15524,15515,15547,32,9,15515.0,781.896174
687,4068,2012,Severe Storm(s),0,0,1,1,65,15524,15515,15547,32,9,15515.0,1049.242884
688,4068,2012,Severe Storm(s),1,0,0,1,41,15524,15515,15547,32,9,15515.0,779.853633
689,4068,2012,Severe Storm(s),0,0,1,1,71,15524,15515,15547,32,9,15515.0,2257.339881
690,4068,2012,Severe Storm(s),0,0,1,1,77,15524,15515,15547,32,9,15515.0,1578.96444
691,4068,2012,Severe Storm(s),0,0,1,1,75,15524,15515,15547,32,9,15515.0,4464.009534999999
692,4068,2012,Severe Storm(s),0,0,1,1,107,15524,15515,15547,32,9,15515.0,1859.80608
693,4068,2012,Severe Storm(s),0,0,1,1,45,15524,15515,15547,32,9,15515.0,1311.793611
694,4068,2012,Severe Storm(s),0,0,1,1,113,15524,15515,15547,32,9,15515.0,313.49113880000004
695,4068,2012,Severe Storm(s),0,0,1,1,29,15524,15515,15547,32,9,15515.0,1590.797024
696,4068,2012,Severe Storm(s),1,0,0,1,55,15524,15515,15547,32,9,15515.0,2604.701658
697,4068,2012,Severe Storm(s),1,0,0,1,57,15524,15515,15547,32,9,15515.0,5643.312459999998
698,4068,2012,Severe Storm(s),1,0,0,1,105,15524,15515,15547,32,9,15515.0,8326.166430999998
699,4068,2012,Severe Storm(s),1,0,1,1,7,15524,15515,15547,32,9,15515.0,833.3706489999998
700,4068,2012,Severe Storm(s),1,0,1,1,3,15524,15515,15547,32,9,15515.0,1428.9291680000001
701,4068,2012,Severe Storm(s),1,0,1,1,19,15524,15515,15547,32,9,15515.0,1195.0048069999998
702,4068,2012,Severe Storm(s),1,0,1,1,31,15524,15515,15547,32,9,15515.0,764.5312259999998
703,4068,2012,Severe Storm(s),1,0,1,1,37,15524,15515,15547,32,9,15515.0,1236.46554
704,4068,2012,Severe Storm(s),1,0,1,1,17,15524,15515,15547,32,9,15515.0,2826.38517
705,4068,2012,Severe Storm(s),1,0,1,1,53,15524,15515,15547,32,9,15515.0,2988.71309
706,4068,2012,Severe Storm(s),1,0,1,1,67,15524,15515,15547,32,9,15515.0,1333.014236
707,4068,2012,Severe Storm(s),1,0,1,1,81,15524,15515,15547,32,9,15515.0,2923.19769
708,4068,2012,Severe Storm(s),1,0,1,1,101,15524,15515,15547,32,9,15515.0,3265.5991500000005
709,4068,2012,Severe Storm(s),1,0,1,1,103,15524,15515,15547,32,9,15515.0,1770.54741
710,4068,2012,Severe Storm(s),1,0,1,1,23,15524,15515,15547,32,9,15515.0,1414.4836759999998
711,4068,2012,Severe Storm(s),1,0,1,1,121,15524,15515,15547,32,9,15515.0,961.726705
712,4068,2012,Severe Storm(s),1,0,1,1,123,15524,15515,15547,32,9,15515.0,1895.1789800000004
713,4068,2012,Severe Storm(s),1,0,1,1,129,15524,15515,15547,32,9,15515.0,1278.826771
714,4068,2012,Severe Storm(s),1,0,1,1,125,15524,15515,15547,32,9,15515.0,423.62026499999996
715,4068,2012,Severe Storm(s),1,0,1,1,115,15524,15515,15547,32,9,15515.0,2168.66502
716,4068,2012,Severe Storm(s),1,0,1,1,89,15524,15515,15547,32,9,15515.0,615.7537360000001
717,4084,2013,Hurricane,0,0,1,1,113,15631,15579,15581,2,52,15579.0,66.4830199
718,4084,2013,Hurricane,0,0,1,1,85,15631,15579,15581,2,52,15579.0,3163.5525599999996
719,4084,2013,Hurricane,0,0,1,1,5,15631,15579,15581,2,52,15579.0,139.05632069999996
720,4084,2013,Hurricane,0,0,1,1,87,15631,15579,15581,2,52,15579.0,195.48521170000004
721,4084,2013,Hurricane,0,0,1,1,43,15631,15579,15581,2,52,15579.0,1926.9657679999996
722,4084,2013,Hurricane,0,0,1,1,111,15631,15579,15581,2,52,15579.0,3407.5951400000004
723,4084,2013,Hurricane,0,0,1,1,21,15631,15579,15581,2,52,15579.0,412.1842027000002
724,4084,2013,Hurricane,0,0,1,1,91,15631,15579,15581,2,52,15579.0,62.33483577
725,4084,2013,Hurricane,0,0,1,1,99,15631,15579,15581,2,52,15579.0,10005.937872
726,4084,2013,Hurricane,0,0,1,1,33,15631,15579,15581,2,52,15579.0,39.485747299999986
727,4084,2013,Hurricane,0,0,1,1,45,15631,15579,15581,2,52,15579.0,124.6727244
728,4084,2013,Hurricane,0,0,1,1,37,15631,15579,15581,2,52,15579.0,105.09842889999997
729,4138,2013,Severe Storm(s),0,0,1,1,5,15919,15888,15893,5,31,15888.0,4.493241564
730,4138,2013,Severe Storm(s),0,0,1,1,131,15919,15888,15893,5,31,15888.0,0.03417536
731,4138,2013,Severe Storm(s),0,0,1,1,59,15919,15888,15893,5,31,15888.0,0.157587804
732,4138,2013,Severe Storm(s),0,0,1,1,133,15919,15888,15893,5,31,15888.0,4.94047378
733,4177,2014,Severe Storm(s),0,0,1,1,59,16196,16188,16196,8,8,16188.0,0.148567252
734,4177,2014,Severe Storm(s),1,0,1,1,33,16196,16188,16196,8,8,16188.0,0.755565743
735,4177,2014,Severe Storm(s),0,0,1,1,133,16196,16188,16196,8,8,16188.0,0.112477504
736,4177,2014,Severe Storm(s),1,0,1,1,113,16196,16188,16196,8,8,16188.0,0.317628043
737,4177,2014,Severe Storm(s),0,0,1,1,5,16196,16188,16196,8,8,16188.0,0.32815705399999995
738,4177,2014,Severe Storm(s),0,0,1,1,13,16196,16188,16196,8,8,16188.0,0.09062734800000001
739,4177,2014,Severe Storm(s),1,0,1,1,63,16196,16188,16196,8,8,16188.0,0.9388266719999999
740,4177,2014,Severe Storm(s),1,0,1,1,91,16196,16188,16196,8,8,16188.0,0.177325042
741,4177,2014,Severe Storm(s),1,0,1,1,131,16196,16188,16196,8,8,16188.0,0.39003141
742,4283,2017,Hurricane,0,0,1,1,97,17083,17077,17094,17,6,17077.0,334.6089672
743,4280,2016,Hurricane,1,0,1,1,103,17072,17044,17056,12,28,17044.0,1498.21561
744,4283,2017,Hurricane,0,0,1,1,99,17083,17077,17094,17,6,17077.0,1761.2584995999991
745,4280,2016,Hurricane,0,0,1,1,37,17072,17044,17056,12,28,17044.0,21.568590670000003
746,4280,2016,Hurricane,0,0,1,1,119,17072,17044,17056,12,28,17044.0,417.46862799999997
747,4280,2016,Hurricane,1,0,1,1,29,17072,17044,17056,12,28,17044.0,225.3898774
748,4280,2016,Hurricane,0,0,1,1,65,17072,17044,17056,12,28,17044.0,52.54915267
749,4283,2017,Hurricane,1,0,1,1,9,17083,17077,17094,17,6,17077.0,524.6005468
750,4283,2017,Hurricane,0,0,1,1,7,17083,17077,17094,17,6,17077.0,3.4527822400000003
751,4280,2016,Hurricane,0,0,1,1,115,17072,17044,17056,12,28,17044.0,1417.213455
752,4280,2016,Hurricane,0,0,1,1,121,17072,17044,17056,12,28,17044.0,44.24551198000001
753,4280,2016,Hurricane,1,0,1,1,73,17072,17044,17056,12,28,17044.0,32.51392947
754,4280,2016,Hurricane,0,0,1,1,39,17072,17044,17056,12,28,17044.0,5.565736195
755,4280,2016,Hurricane,1,0,1,1,17,17072,17044,17056,12,28,17044.0,629.1110410000001
756,4283,2017,Hurricane,0,0,1,1,11,17083,17077,17094,17,6,17077.0,384.37415989999994
757,4280,2016,Hurricane,0,0,1,1,83,17072,17044,17056,12,28,17044.0,390.90155260000006
758,4283,2017,Hurricane,1,0,1,1,89,17083,17077,17094,17,6,17077.0,7.2656023759999995
759,4280,2016,Hurricane,1,0,1,1,129,17072,17044,17056,12,28,17044.0,39.483098000000005
760,4280,2016,Hurricane,1,0,1,1,123,17072,17044,17056,12,28,17044.0,92.8656296
761,4280,2016,Hurricane,1,0,1,1,75,17072,17044,17056,12,28,17044.0,583.7848470999999
762,4283,2017,Hurricane,1,0,1,1,117,17083,17077,17094,17,6,17077.0,6.721235609
763,4280,2016,Hurricane,0,0,1,1,1,17072,17044,17056,12,28,17044.0,44.42894189999999
764,4280,2016,Hurricane,1,0,1,1,81,17072,17044,17056,12,28,17044.0,1905.401365
765,4283,2017,Hurricane,0,0,1,1,95,17083,17077,17094,17,6,17077.0,115.5712738
766,4283,2017,Hurricane,1,0,1,1,127,17083,17077,17094,17,6,17077.0,129.355796974
767,4280,2016,Hurricane,0,0,1,1,125,17072,17044,17056,12,28,17044.0,7.5106644000000005
768,4283,2017,Hurricane,1,0,1,1,109,17083,17077,17094,17,6,17077.0,103.794626596
769,4283,2017,Hurricane,1,0,1,1,31,17083,17077,17094,17,6,17077.0,12.544172115999999
770,4280,2016,Hurricane,0,0,1,1,41,17072,17044,17056,12,28,17044.0,18.29172603
771,4283,2017,Hurricane,0,0,1,1,85,17083,17077,17094,17,6,17077.0,541.4055815
772,4283,2017,Hurricane,1,0,1,1,107,17083,17077,17094,17,6,17077.0,15.371862118
773,4280,2016,Hurricane,0,0,1,1,67,17072,17044,17056,12,28,17044.0,78.15070170000001
774,4337,2017,Hurricane,1,0,1,1,86,17419,17413,17458,45,6,17413.0,348.16886641
775,4280,2016,Hurricane,0,0,1,1,23,17072,17044,17056,12,28,17044.0,37.208889049999996
776,4283,2017,Hurricane,0,0,1,1,111,17083,17077,17094,17,6,17077.0,407.423885
777,4283,2017,Hurricane,0,0,1,1,69,17083,17077,17094,17,6,17077.0,136.9834562
778,4337,2017,Hurricane,1,0,1,1,75,17419,17413,17458,45,6,17413.0,25.288494273
779,4280,2016,Hurricane,0,0,1,1,79,17072,17044,17056,12,28,17044.0,36.807264929999995
780,4337,2017,Hurricane,1,0,1,1,1,17419,17413,17458,45,6,17413.0,30.562309648
781,4280,2016,Hurricane,1,0,0,1,57,17072,17044,17056,12,28,17044.0,3365.225532
782,4283,2017,Hurricane,1,0,1,1,35,17083,17077,17094,17,6,17077.0,3.482828519
783,4280,2016,Hurricane,0,0,1,1,77,17072,17044,17056,12,28,17044.0,13.00960156
784,4283,2017,Hurricane,1,0,1,1,61,17083,17077,17094,17,6,17077.0,85.9684277
785,4280,2016,Hurricane,1,0,1,1,53,17072,17044,17056,12,28,17044.0,919.9060649999999
786,4280,2016,Hurricane,0,0,1,1,3,17072,17044,17056,12,28,17044.0,42.06547187
787,4280,2016,Hurricane,1,0,1,1,101,17072,17044,17056,12,28,17044.0,1324.708873
788,4283,2017,Hurricane,0,0,1,1,19,17083,17077,17094,17,6,17077.0,4.838580308999999
789,4337,2017,Hurricane,1,0,1,1,83,17419,17413,17458,45,6,17413.0,224.07026446599997
790,4337,2017,Hurricane,1,0,1,1,109,17419,17413,17458,45,6,17413.0,38.408261870000004
791,4337,2017,Hurricane,1,0,1,1,87,17419,17413,17458,45,6,17413.0,262.97591964
792,4337,2017,Hurricane,1,0,1,1,23,17419,17413,17458,45,6,17413.0,29.81882983000001
793,4337,2017,Hurricane,1,0,1,1,89,17419,17413,17458,45,6,17413.0,3.43138468
794,4337,2017,Hurricane,1,0,1,1,49,17419,17413,17458,45,6,17413.0,39.41920079999999
795,4399,2019,Hurricane,0,0,1,1,47,17815,17811,17824,13,4,17811.0,0.0
796,4337,2017,Hurricane,1,0,1,1,115,17419,17413,17458,45,6,17413.0,14.51258764
797,4337,2017,Hurricane,1,0,1,1,7,17419,17413,17458,45,6,17413.0,37.9306182
798,4337,2017,Hurricane,1,0,1,1,125,17419,17413,17458,45,6,17413.0,19.6384761
799,4337,2017,Hurricane,1,0,1,1,71,17419,17413,17458,45,6,17413.0,38.78667857999999
800,4337,2017,Hurricane,0,0,1,1,129,17419,17413,17458,45,6,17413.0,0.47006721
801,4337,2017,Hurricane,1,0,1,1,107,17419,17413,17458,45,6,17413.0,29.438917019999998
802,4337,2017,Hurricane,0,0,1,1,37,17419,17413,17458,45,6,17413.0,1.52505473
803,4337,2017,Hurricane,0,0,1,1,113,17419,17413,17458,45,6,17413.0,10.858275798
804,4337,2017,Hurricane,1,0,1,1,69,17419,17413,17458,45,6,17413.0,323.16591266
805,4337,2017,Hurricane,0,0,1,1,123,17419,17413,17458,45,6,17413.0,3.6003436729999994
806,4337,2017,Hurricane,1,0,1,1,9,17419,17413,17458,45,6,17413.0,244.57526652999994
807,4337,2017,Hurricane,1,0,1,1,41,17419,17413,17458,45,6,17413.0,26.942901
808,4337,2017,Hurricane,0,0,1,1,77,17419,17413,17458,45,6,17413.0,1.18899359
809,4341,2017,Hurricane,1,0,1,1,0,17436,17413,17444,31,23,,
810,4337,2017,Hurricane,1,0,1,1,15,17419,17413,17458,45,6,17413.0,40.41295538
811,4337,2017,Hurricane,1,0,1,1,31,17419,17413,17458,45,6,17413.0,40.780487373
812,4337,2017,Hurricane,0,0,1,1,59,17419,17413,17458,45,6,17413.0,0.156062484
813,4399,2019,Hurricane,1,0,1,1,73,17815,17811,17824,13,4,17811.0,0.11419492399999999
814,4337,2017,Hurricane,1,0,1,1,19,17419,17413,17458,45,6,17413.0,50.928253000000005
815,4337,2017,Hurricane,1,0,1,1,55,17419,17413,17458,45,6,17413.0,87.29495706999998
816,4337,2017,Hurricane,1,0,1,1,101,17419,17413,17458,45,6,17413.0,4.6182061700000006
817,4337,2017,Hurricane,1,0,1,1,35,17419,17413,17458,45,6,17413.0,66.90566364
818,4337,2017,Hurricane,0,0,1,1,63,17419,17413,17458,45,6,17413.0,0.0
819,4341,2017,Hurricane,1,0,1,1,0,17436,17413,17444,31,23,,
820,4337,2017,Hurricane,1,0,1,1,51,17419,17413,17458,45,6,17413.0,54.300043276000004
821,4337,2017,Hurricane,0,0,1,1,45,17419,17413,17458,45,6,17413.0,0.52650297
822,4337,2017,Hurricane,0,0,1,1,5,17419,17413,17458,45,6,17413.0,0.18060911000000002
823,4337,2017,Hurricane,1,0,1,1,81,17419,17413,17458,45,6,17413.0,6.771583334
824,4337,2017,Hurricane,1,0,1,1,111,17419,17413,17458,45,6,17413.0,35.20061793000001
825,4337,2017,Hurricane,0,0,1,1,39,17419,17413,17458,45,6,17413.0,0.0
826,4337,2017,Hurricane,1,0,1,1,97,17419,17413,17458,45,6,17413.0,152.73298810000003
827,4337,2017,Hurricane,1,0,1,1,117,17419,17413,17458,45,6,17413.0,132.01413200000002
828,4337,2017,Hurricane,1,0,1,1,61,17419,17413,17458,45,6,17413.0,121.68022069999999
829,4337,2017,Hurricane,1,0,1,1,67,17419,17413,17458,45,6,17413.0,26.09636935
830,4337,2017,Hurricane,1,0,1,1,47,17419,17413,17458,45,6,17413.0,15.021489059999997
831,4337,2017,Hurricane,1,0,1,1,53,17419,17413,17458,45,6,17413.0,3.7616232259999998
832,4337,2017,Hurricane,0,0,1,1,73,17419,17413,17458,45,6,17413.0,1.18521543
833,4337,2017,Hurricane,0,0,1,1,91,17419,17413,17458,45,6,17413.0,9.552452442
834,4341,2017,Hurricane,1,0,1,1,0,17436,17413,17444,31,23,,
835,4337,2017,Hurricane,1,0,1,1,105,17419,17413,17458,45,6,17413.0,189.779828823
836,4337,2017,Hurricane,1,0,1,1,57,17419,17413,17458,45,6,17413.0,4.063065518999999
837,4337,2017,Hurricane,1,0,1,1,121,17419,17413,17458,45,6,17413.0,32.56303613
838,4337,2017,Hurricane,1,0,1,1,43,17419,17413,17458,45,6,17413.0,122.33932152999999
839,4337,2017,Hurricane,0,0,1,1,13,17419,17413,17458,45,6,17413.0,0.0
840,4337,2017,Hurricane,1,0,1,1,27,17419,17413,17458,45,6,17413.0,22.72141739
841,4337,2017,Hurricane,1,0,1,1,21,17419,17413,17458,45,6,17413.0,471.6078453870001
842,4337,2017,Hurricane,1,0,1,1,29,17419,17413,17458,45,6,17413.0,15.607211944
843,4337,2017,Hurricane,1,0,1,1,119,17419,17413,17458,45,6,17413.0,61.008665449999995
844,4337,2017,Hurricane,0,0,1,1,79,17419,17413,17458,45,6,17413.0,1.144355743
845,4341,2017,Hurricane,1,0,1,1,0,17436,17413,17444,31,23,,
846,4337,2017,Hurricane,1,0,1,1,85,17419,17413,17458,45,6,17413.0,51.6820155
847,4337,2017,Hurricane,1,0,1,1,127,17419,17413,17458,45,6,17413.0,381.00827680000003
848,4337,2017,Hurricane,0,0,1,1,65,17419,17413,17458,45,6,17413.0,0.0
849,4337,2017,Hurricane,1,0,1,1,17,17419,17413,17458,45,6,17413.0,29.493079020000003
850,4337,2017,Hurricane,0,0,1,1,33,17419,17413,17458,45,6,17413.0,4.978582709
851,4337,2017,Hurricane,0,0,1,1,131,17419,17413,17458,45,6,17413.0,3.8797159749999994
852,4337,2017,Hurricane,1,0,1,1,3,17419,17413,17458,45,6,17413.0,47.545441999999994
853,4399,2019,Hurricane,1,0,1,1,39,17815,17811,17824,13,4,17811.0,0.44404461
854,4337,2017,Hurricane,1,0,1,1,103,17419,17413,17458,45,6,17413.0,2.311874368
855,4399,2019,Hurricane,1,0,1,1,37,17815,17811,17824,13,4,17811.0,0.37853866999999997
856,4337,2017,Hurricane,1,0,1,1,93,17419,17413,17458,45,6,17413.0,34.325893609999994
857,4337,2017,Hurricane,1,0,1,1,99,17419,17413,17458,45,6,17413.0,374.3621285000001
858,4399,2019,Hurricane,0,0,1,1,65,17815,17811,17824,13,4,17811.0,0.007887701
859,4399,2019,Hurricane,0,0,1,1,121,17815,17811,17824,13,4,17811.0,0.035944159999999996
860,4337,2017,Hurricane,1,0,1,1,11,17419,17413,17458,45,6,17413.0,152.4921498
861,4399,2019,Hurricane,1,0,1,1,59,17815,17811,17824,13,4,17811.0,0.0
862,4399,2019,Hurricane,1,0,1,1,133,17815,17811,17824,13,4,17811.0,0.0
863,4399,2019,Hurricane,1,0,1,1,77,17815,17811,17824,13,4,17811.0,0.22448870399999998
864,4399,2019,Hurricane,1,0,1,1,45,17815,17811,17824,13,4,17811.0,0.628735884
865,4399,2019,Hurricane,1,0,1,1,5,17815,17811,17824,13,4,17811.0,0.49989316100000003
866,4399,2019,Hurricane,1,0,1,1,13,17815,17811,17824,13,4,17811.0,0.00010068200000000001
867,4399,2019,Hurricane,1,0,1,1,129,17815,17811,17824,13,4,17811.0,0.053818586
868,4399,2019,Hurricane,0,0,1,0,91,17815,17811,17824,13,4,17811.0,1.0768026159999997
869,4399,2019,Hurricane,1,0,1,1,63,17815,17811,17824,13,4,17811.0,0.018583501000000002
870,4399,2019,Hurricane,1,0,1,1,123,17815,17811,17824,13,4,17811.0,0.09448641099999999
871,4341,2017,Hurricane,1,0,1,1,0,17436,17413,17444,31,23,,
872,4399,2019,Hurricane,0,0,1,0,131,17815,17811,17824,13,4,17811.0,0.46417137499999994
873,4337,2017,Hurricane,0,0,1,1,133,17419,17413,17458,45,6,17413.0,0.0
874,4341,2017,Hurricane,1,0,1,1,0,17436,17413,17444,31,23,,
875,4399,2019,Hurricane,0,0,1,1,79,17815,17811,17824,13,4,17811.0,0.0
876,4337,2017,Hurricane,1,0,1,1,95,17419,17413,17458,45,6,17413.0,275.3342016
877,3419,2019,Hurricane,0,0,1,0,99,18138,18136,18148,12,2,18136.0,112.78733740000001
878,3419,2019,Hurricane,0,0,1,0,33,18138,18136,18148,12,2,18136.0,39.984563193
879,3419,2019,Hurricane,0,0,1,0,1,18138,18136,18148,12,2,18136.0,0.6878598840000001
880,3419,2019,Hurricane,0,0,1,0,91,18138,18136,18148,12,2,18136.0,0.285725159
881,3419,2019,Hurricane,0,0,1,0,97,18138,18136,18148,12,2,18136.0,90.95035411999999
882,3419,2019,Hurricane,0,0,1,0,15,18138,18136,18148,12,2,18136.0,100.05229779999999
883,3419,2019,Hurricane,0,0,1,0,35,18138,18136,18148,12,2,18136.0,1.094399394
884,3419,2019,Hurricane,0,0,1,0,27,18138,18136,18148,12,2,18136.0,149.01481
885,3419,2019,Hurricane,0,0,1,0,73,18138,18136,18148,12,2,18136.0,1.8017233600000002
886,3419,2019,Hurricane,0,0,1,0,89,18138,18136,18148,12,2,18136.0,43.617586450000005
887,3419,2019,Hurricane,0,0,1,0,47,18138,18136,18148,12,2,18136.0,1.110937424
888,3419,2019,Hurricane,0,0,1,0,49,18138,18136,18148,12,2,18136.0,26.57295823
889,3419,2019,Hurricane,0,0,1,0,21,18138,18136,18148,12,2,18136.0,77.21476249999999
890,3419,2019,Hurricane,0,0,1,0,79,18138,18136,18148,12,2,18136.0,1.219056248
891,3419,2019,Hurricane,0,0,1,0,71,18138,18136,18148,12,2,18136.0,53.14660950000001
892,3419,2019,Hurricane,0,0,1,0,117,18138,18136,18148,12,2,18136.0,15.437743569999999
893,3419,2019,Hurricane,0,0,1,0,51,18138,18136,18148,12,2,18136.0,61.4933877
894,3419,2019,Hurricane,0,0,1,0,3,18138,18136,18148,12,2,18136.0,2.5036079890000003
895,3419,2019,Hurricane,0,0,1,0,119,18138,18136,18148,12,2,18136.0,4.734923170000001
896,3419,2019,Hurricane,0,0,1,0,93,18138,18136,18148,12,2,18136.0,170.2388085
897,3419,2019,Hurricane,0,0,1,0,43,18138,18136,18148,12,2,18136.0,36.7739089
898,3419,2019,Hurricane,0,0,1,0,113,18138,18136,18148,12,2,18136.0,36.581310114
899,3419,2019,Hurricane,0,0,1,0,121,18138,18136,18148,12,2,18136.0,0.38064965
900,3419,2019,Hurricane,0,0,1,0,127,18138,18136,18148,12,2,18136.0,25.902170784000006
901,3419,2019,Hurricane,0,0,1,0,129,18138,18136,18148,12,2,18136.0,1.365194003
902,3419,2019,Hurricane,0,0,1,0,13,18138,18136,18148,12,2,18136.0,0.419408769
903,3419,2019,Hurricane,0,0,1,0,81,18138,18136,18148,12,2,18136.0,167.4130448
904,3419,2019,Hurricane,0,0,1,0,109,18138,18136,18148,12,2,18136.0,7.315900839999999
905,3419,2019,Hurricane,0,0,1,0,75,18138,18136,18148,12,2,18136.0,15.397076935
906,3419,2019,Hurricane,0,0,1,0,86,18138,18136,18148,12,2,18136.0,423.1115648999999
907,3419,2019,Hurricane,0,0,1,0,111,18138,18136,18148,12,2,18136.0,169.62483830000002
908,3419,2019,Hurricane,0,0,1,0,31,18138,18136,18148,12,2,18136.0,70.79752140000001
909,3419,2019,Hurricane,0,0,1,0,53,18138,18136,18148,12,2,18136.0,25.7821094
910,3419,2019,Hurricane,0,0,1,0,41,18138,18136,18148,12,2,18136.0,0.44139725099999993
911,3419,2019,Hurricane,0,0,1,0,101,18138,18136,18148,12,2,18136.0,39.23597881999999
912,3419,2019,Hurricane,0,0,1,0,95,18138,18136,18148,12,2,18136.0,133.01745889999998
913,3419,2019,Hurricane,0,0,1,0,9,18138,18136,18148,12,2,18136.0,146.14460065000003
914,3419,2019,Hurricane,0,0,1,0,131,18138,18136,18148,12,2,18136.0,0.158750722
915,3419,2019,Hurricane,0,0,1,0,11,18138,18136,18148,12,2,18136.0,99.3878375
916,3419,2019,Hurricane,0,0,1,0,59,18138,18136,18148,12,2,18136.0,0.0
917,3419,2019,Hurricane,0,0,1,0,37,18138,18136,18148,12,2,18136.0,3.9877502979999995
918,3419,2019,Hurricane,0,0,1,0,65,18138,18136,18148,12,2,18136.0,2.0585736939999997
919,3419,2019,Hurricane,0,0,1,0,61,18138,18136,18148,12,2,18136.0,82.943848
920,3419,2019,Hurricane,0,0,1,0,57,18138,18136,18148,12,2,18136.0,125.45342622999999
921,3419,2019,Hurricane,0,0,1,0,133,18138,18136,18148,12,2,18136.0,0.015930699
922,3419,2019,Hurricane,0,0,1,0,87,18138,18136,18148,12,2,18136.0,151.09681020000005
923,3419,2019,Hurricane,0,0,1,0,63,18138,18136,18148,12,2,18136.0,0.067917376
924,3419,2019,Hurricane,0,0,1,0,67,18138,18136,18148,12,2,18136.0,0.251023636
925,3419,2019,Hurricane,0,0,1,0,107,18138,18136,18148,12,2,18136.0,3.9392248569999997
926,3419,2019,Hurricane,0,0,1,0,115,18138,18136,18148,12,2,18136.0,148.79115610000002
927,3419,2019,Hurricane,0,0,1,0,29,18138,18136,18148,12,2,18136.0,2.4723262249999998
928,3419,2019,Hurricane,0,0,1,0,39,18138,18136,18148,12,2,18136.0,0.23825183099999997
929,3419,2019,Hurricane,0,0,1,0,103,18138,18136,18148,12,2,18136.0,16.37459263
930,3419,2019,Hurricane,0,0,1,0,123,18138,18136,18148,12,2,18136.0,3.005661778
931,3419,2019,Hurricane,0,0,1,0,125,18138,18136,18148,12,2,18136.0,0.031159043999999997
932,3419,2019,Hurricane,0,0,1,0,45,18138,18136,18148,12,2,18136.0,7.422143019999999
933,3419,2019,Hurricane,0,0,1,0,55,18138,18136,18148,12,2,18136.0,72.34689712000001
934,3419,2019,Hurricane,0,0,1,0,7,18138,18136,18148,12,2,18136.0,2.035944299
935,3419,2019,Hurricane,0,0,1,0,23,18138,18136,18148,12,2,18136.0,0.6665222749999999
936,3419,2019,Hurricane,0,0,1,0,5,18138,18136,18148,12,2,18136.0,1.9367574189999999
937,3419,2019,Hurricane,0,0,1,0,85,18138,18136,18148,12,2,18136.0,70.25151879999999
938,3419,2019,Hurricane,0,0,1,0,105,18138,18136,18148,12,2,18136.0,159.54206313999995
939,3419,2019,Hurricane,0,0,1,0,77,18138,18136,18148,12,2,18136.0,0.5565294570000001
940,3419,2019,Hurricane,0,0,1,0,83,18138,18136,18148,12,2,18136.0,5.1427678629999996
941,3419,2019,Hurricane,0,0,1,0,69,18138,18136,18148,12,2,18136.0,31.279033650000002
942,3419,2019,Hurricane,0,0,1,0,19,18138,18136,18148,12,2,18136.0,6.06463473
943,3419,2019,Hurricane,0,0,1,0,17,18138,18136,18148,12,2,18136.0,3.540023207
944,3420,2019,Hurricane,0,0,1,0,0,18139,18136,18143,7,3,,
945,3420,2019,Hurricane,0,0,1,0,0,18139,18136,18143,7,3,,
946,3420,2019,Hurricane,0,0,1,0,0,18139,18136,18143,7,3,,
947,3420,2019,Hurricane,0,0,1,0,0,18139,18136,18143,7,3,,
948,3420,2019,Hurricane,0,0,1,0,0,18139,18136,18143,7,3,,
949,3420,2019,Hurricane,0,0,1,0,0,18139,18136,18143,7,3,,
950,4468,2020,Hurricane,0,0,1,1,85,18190,18136,18148,12,54,18136.0,70.25151879999999
951,4468,2020,Hurricane,0,0,1,1,117,18190,18136,18148,12,54,18136.0,15.437743569999999
952,4468,2020,Hurricane,0,0,1,1,111,18190,18136,18148,12,54,18136.0,169.62483830000002
953,4468,2020,Hurricane,0,0,1,1,109,18190,18136,18148,12,54,18136.0,7.315900839999999
954,4468,2020,Hurricane,0,0,1,1,99,18190,18136,18148,12,54,18136.0,112.78733740000001
955,4468,2020,Hurricane,0,0,1,1,89,18190,18136,18148,12,54,18136.0,43.617586450000005
956,4468,2020,Hurricane,0,0,1,1,35,18190,18136,18148,12,54,18136.0,1.094399394
957,4468,2020,Hurricane,0,0,1,1,97,18190,18136,18148,12,54,18136.0,90.95035411999999
958,4468,2020,Hurricane,0,0,1,1,107,18190,18136,18148,12,54,18136.0,3.9392248569999997
959,4468,2020,Hurricane,0,0,1,1,61,18190,18136,18148,12,54,18136.0,82.943848
960,4468,2020,Hurricane,0,0,1,1,9,18190,18136,18148,12,54,18136.0,146.14460065000003
961,4468,2020,Hurricane,0,0,1,1,31,18190,18136,18148,12,54,18136.0,70.79752140000001
962,4468,2020,Hurricane,0,0,1,1,11,18190,18136,18148,12,54,18136.0,99.3878375
963,4468,2020,Hurricane,0,0,1,1,127,18190,18136,18148,12,54,18136.0,25.902170784000006
964,3533,2020,Hurricane,0,0,1,0,9,18475,18475,18479,4,0,,
965,3533,2020,Hurricane,0,0,1,0,19,18475,18475,18479,4,0,,
966,3533,2020,Hurricane,0,0,1,0,31,18475,18475,18479,4,0,,
967,3533,2020,Hurricane,0,0,1,0,86,18475,18475,18479,4,0,,
968,3533,2020,Hurricane,0,0,1,0,11,18475,18475,18479,4,0,,
969,3533,2020,Hurricane,0,0,1,0,89,18475,18475,18479,4,0,,
970,3533,2020,Hurricane,0,0,1,0,97,18475,18475,18479,4,0,,
971,3533,2020,Hurricane,0,0,1,0,35,18475,18475,18479,4,0,,
972,3533,2020,Hurricane,0,0,1,0,85,18475,18475,18479,4,0,,
973,3533,2020,Hurricane,0,0,1,0,93,18475,18475,18479,4,0,,
974,3533,2020,Hurricane,0,0,1,0,61,18475,18475,18479,4,0,,
975,3533,2020,Hurricane,0,0,1,0,107,18475,18475,18479,4,0,,
976,3533,2020,Hurricane,0,0,1,0,87,18475,18475,18479,4,0,,
977,3533,2020,Hurricane,0,0,1,0,111,18475,18475,18479,4,0,,
978,3533,2020,Hurricane,0,0,1,0,95,18475,18475,18479,4,0,,
979,3533,2020,Hurricane,0,0,1,0,117,18475,18475,18479,4,0,,
980,3533,2020,Hurricane,0,0,1,0,127,18475,18475,18479,4,0,,
981,3533,2020,Hurricane,0,0,1,0,99,18475,18475,18479,4,0,,
982,3533,2020,Hurricane,0,0,1,0,109,18475,18475,18479,4,0,,
